task_id,task_name,current_department,current_team,current_floor,current_place,previous_phone,candidate_phone,contact_type,official_affiliation,official_position,duty_text_verbatim,service_context_verbatim,source_url,source_page_title,source_page_or_row,source_html_sha256,retrieved_at_kst,matched_keys,match_status,match_reason,alternative_candidates,conflict_note,proposed_action,approved,reviewer_note
A001,진료 접수,보건행정과,,1층,민원실,,,,,,,,,,,,,,unmatched,동탄구보건소 공식 원문에서 이 업무에 직접 연결할 공개 번호를 찾지 못했습니다.,[],,공식 연락처 확인 필요,,
A002,일반 검사 접수,보건행정과,,1층,민원실,,,,,,,,,,,,,,unmatched,동탄구보건소 공식 원문에서 이 업무에 직접 연결할 공개 번호를 찾지 못했습니다.,[],,공식 연락처 확인 필요,,
A003,제증명 발급·수납,보건행정과,,1층,민원실,,031-5189-4377,service_contact,동탄구보건소,,,효행구보건소(봉담) 민원실 ☎ 031-5189-6269 | 병점구보건소(병점) 민원실 ☎ 031-5189-4431/4689 | 동탄구보건소 민원실 ☎ 031-5189-4377,https://www.hscity.go.kr/health/minwon/certificate.jsp,제증명발급안내,서비스 페이지 문의 문맥,7985185728889f3a01afcf01709f5b6d2e481a74ec688160e72127e73c2d9ad7,2026-08-27T17:20:59+09:00,제증명,confirmed,동탄구보건소 공식 원문에서 동일 역할의 유효한 직접 일치 번호가 하나 확인되었습니다.,"[{""phone"": ""031-5189-4377"", ""comparison_phone"": ""03151894377"", ""contact_type"": ""service_contact"", ""affiliation"": ""동탄구보건소"", ""position"": """", ""source_url"": ""https://www.hscity.go.kr/health/minwon/certificate.jsp"", ""source_page_or_row"": ""서비스 페이지 문의 문맥"", ""matched_keys"": [""제증명""], ""match_strength"": ""exact"", ""eligible"": true}, {""phone"": ""031-5189-4377"", ""comparison_phone"": ""03151894377"", ""contact_type"": ""direct_staff"", ""affiliation"": ""동탄구보건소 보건행정과"", ""position"": ""주무관"", ""source_url"": ""https://www.hscity.go.kr/health/organ/BD_selectHealthOrganList.do?q_healthNm=dongtan"", ""source_page_or_row"": ""페이지 1, 행 9"", ""matched_keys"": [""제증명""], ""match_strength"": ""exact"", ""eligible"": true}]",,수동 승인 후 반영 검토,,
A004,익명 HIV 검사,보건행정과,,1층,검사실,,031-5189-5094,service_contact,동탄구보건소,,,동탄구보건소 | 화성시 동탄구 노작로 226-9 | 031-5189-5094,https://www.hscity.go.kr/health/business/infection/aids.jsp,성매개감염병/에이즈 관리,서비스 페이지 문의 문맥,49d819e130851062a96a4ab4db4fd86e85697b3072680893e217a7d398a5ee94,2026-08-27T17:20:50+09:00,에이즈,confirmed,동탄구보건소 공식 원문에서 동일 역할의 유효한 직접 일치 번호가 하나 확인되었습니다.,"[{""phone"": ""031-5189-5094"", ""comparison_phone"": ""03151895094"", ""contact_type"": ""service_contact"", ""affiliation"": ""동탄구보건소"", ""position"": """", ""source_url"": ""https://www.hscity.go.kr/health/business/infection/aids.jsp"", ""source_page_or_row"": ""서비스 페이지 문의 문맥"", ""matched_keys"": [""에이즈""], ""match_strength"": ""exact"", ""eligible"": true}, {""phone"": ""031-5189-5094"", ""comparison_phone"": ""03151895094"", ""contact_type"": ""direct_staff"", ""affiliation"": ""동탄구보건소 보건행정과"", ""position"": ""주무관"", ""source_url"": ""https://www.hscity.go.kr/health/organ/BD_selectHealthOrganList.do?q_healthNm=dongtan&q_currPage=2"", ""source_page_or_row"": ""페이지 2, 행 10"", ""matched_keys"": [""에이즈""], ""match_strength"": ""exact"", ""eligible"": true}]",,수동 승인 후 반영 검토,,
A005,임산부 일반 안내·상담,보건행정과,,1층,모자보건실·예방접종실,,,,,,,,,,,,,,unmatched,동탄구보건소 공식 원문에서 이 업무에 직접 연결할 공개 번호를 찾지 못했습니다.,[],,공식 연락처 확인 필요,,
A006,감염병 환자·접촉자 역학조사,보건행정과,감염병대응팀,3층,보건행정과,,031-5189-4335 | 031-5189-4364 | 031-5189-5162 | 031-5189-5163,direct_staff,동탄구보건소 보건행정과,주무관,"의료지원 및 의약품 수송, 감염병 환자 및 검체 이송, 공무용차량·구급차 운영관리, 의전수행",,https://www.hscity.go.kr/health/organ/BD_selectHealthOrganList.do?q_healthNm=dongtan,동탄구보건소 직원안내,"페이지 1, 행 10",e264559dc4e5f7a7d9860d920a3830a7a9b02e96d4e692c2c1f14567bf5a5aee,2026-08-27T17:20:44+09:00,감염병 환자,ambiguous,같은 수준의 유효 후보 번호가 둘 이상이어서 자동 선택하지 않았습니다.,"[{""phone"": ""031-5189-4335"", ""comparison_phone"": ""03151894335"", ""contact_type"": ""direct_staff"", ""affiliation"": ""동탄구보건소 보건행정과"", ""position"": ""주무관"", ""source_url"": ""https://www.hscity.go.kr/health/organ/BD_selectHealthOrganList.do?q_healthNm=dongtan"", ""source_page_or_row"": ""페이지 1, 행 10"", ""matched_keys"": [""감염병 환자""], ""match_strength"": ""exact"", ""eligible"": true}, {""phone"": ""031-5189-5162"", ""comparison_phone"": ""03151895162"", ""contact_type"": ""direct_staff"", ""affiliation"": ""동탄구보건소 보건행정과"", ""position"": ""주무관"", ""source_url"": ""https://www.hscity.go.kr/health/organ/BD_selectHealthOrganList.do?q_healthNm=dongtan&q_currPage=3"", ""source_page_or_row"": ""페이지 3, 행 4"", ""matched_keys"": [""역학조사""], ""match_strength"": ""exact"", ""eligible"": true}, {""phone"": ""031-5189-5163"", ""comparison_phone"": ""03151895163"", ""contact_type"": ""direct_staff"", ""affiliation"": ""동탄구보건소 보건행정과"", ""position"": ""주무관"", ""source_url"": ""https://www.hscity.go.kr/health/organ/BD_selectHealthOrganList.do?q_healthNm=dongtan&q_currPage=3"", ""source_page_or_row"": ""페이지 3, 행 5"", ""matched_keys"": [""역학조사""], ""match_strength"": ""exact"", ""eligible"": true}, {""phone"": ""031-5189-4364"", ""comparison_phone"": ""03151894364"", ""contact_type"": ""direct_staff"", ""affiliation"": ""동탄구보건소 보건행정과"", ""position"": ""주무관"", ""source_url"": ""https://www.hscity.go.kr/health/organ/BD_selectHealthOrganList.do?q_healthNm=dongtan&q_currPage=3"", ""source_page_or_row"": ""페이지 3, 행 1"", ""matched_keys"": [""환자"", ""접촉자""], ""match_strength"": ""exploratory"", ""eligible"": true}]",,공식 원문 수동 검토,,
A007,방역 업무,보건행정과,감염병관리팀,3층,보건행정과,,031-5189-5093,service_contact,동탄구보건소,,,"동탄구보건소 (반송동, 석우동, 청계동, 영천동, 중동, 여울동, 방교동, 금곡동, 송동, 산척동, 목동, 신동, 장지동) | FAX) 031-5189-4391 | TEL) 031-5189-5093",https://www.hscity.go.kr/health/business/infection/disinfection.jsp,환경친화적 방역소독,서비스 페이지 문의 문맥,174f9fc5944f9c86889cc3bd53ff42ee272c6ec2b8c6424f79c358901ca0bb3d,2026-08-27T17:20:51+09:00,방역 | 소독,probable_review,공식 후보 번호는 하나이나 원문 업무명이 정확히 일치하지 않아 수동 검토가 필요합니다.,"[{""phone"": ""031-5189-5093"", ""comparison_phone"": ""03151895093"", ""contact_type"": ""service_contact"", ""affiliation"": ""동탄구보건소"", ""position"": """", ""source_url"": ""https://www.hscity.go.kr/health/business/infection/disinfection.jsp"", ""source_page_or_row"": ""서비스 페이지 문의 문맥"", ""matched_keys"": [""방역"", ""소독""], ""match_strength"": ""exploratory"", ""eligible"": true}, {""phone"": ""031-5189-5093"", ""comparison_phone"": ""03151895093"", ""contact_type"": ""service_contact"", ""affiliation"": ""동탄구보건소"", ""position"": """", ""source_url"": ""https://www.hscity.go.kr/health/business/infection/disinfection.jsp"", ""source_page_or_row"": ""서비스 페이지 문의 문맥"", ""matched_keys"": [""방역"", ""소독""], ""match_strength"": ""exploratory"", ""eligible"": true}, {""phone"": ""031-5189-5093"", ""comparison_phone"": ""03151895093"", ""contact_type"": ""direct_staff"", ""affiliation"": ""동탄구보건소 보건행정과"", ""position"": ""주무관"", ""source_url"": ""https://www.hscity.go.kr/health/organ/BD_selectHealthOrganList.do?q_healthNm=dongtan&q_currPage=2"", ""source_page_or_row"": ""페이지 2, 행 9"", ""matched_keys"": [""소독"", ""해충""], ""match_strength"": ""exploratory"", ""eligible"": true}]",,공식 원문 수동 검토,,
A008,성매개감염병 상담·관리,보건행정과,감염병관리팀,3층,보건행정과,,031-5189-5094,direct_staff,동탄구보건소 보건행정과,주무관,"감염병관리 종합계획 수립 및 시행·평가
에이즈 관리·성매개 감염병 관리
국가결핵관리사업
시군평가 및 정부합동평가 지표 실적 관리
레지오넬라증 예방관리
코로나19입원격리치료비 지원
한센병 관리사업",,https://www.hscity.go.kr/health/organ/BD_selectHealthOrganList.do?q_healthNm=dongtan&q_currPage=2,동탄구보건소 직원안내,"페이지 2, 행 10",a8484db2e042b3c82954af730a31240b768cc718fae1fdea068d711be2ddc9ba,2026-08-27T17:20:44+09:00,성매개감염병 관리,confirmed,동탄구보건소 공식 원문에서 동일 역할의 유효한 직접 일치 번호가 하나 확인되었습니다.,"[{""phone"": ""031-5189-5094"", ""comparison_phone"": ""03151895094"", ""contact_type"": ""direct_staff"", ""affiliation"": ""동탄구보건소 보건행정과"", ""position"": ""주무관"", ""source_url"": ""https://www.hscity.go.kr/health/organ/BD_selectHealthOrganList.do?q_healthNm=dongtan&q_currPage=2"", ""source_page_or_row"": ""페이지 2, 행 10"", ""matched_keys"": [""성매개감염병 관리""], ""match_strength"": ""exact"", ""eligible"": true}, {""phone"": ""031-5189-5094"", ""comparison_phone"": ""03151895094"", ""contact_type"": ""service_contact"", ""affiliation"": ""동탄구보건소"", ""position"": """", ""source_url"": ""https://www.hscity.go.kr/health/business/infection/aids.jsp"", ""source_page_or_row"": ""서비스 페이지 문의 문맥"", ""matched_keys"": [""성매개감염병""], ""match_strength"": ""exploratory"", ""eligible"": true}]",,수동 승인 후 반영 검토,,
A009,성매개감염병 검사,보건행정과,,1층,민원실,,031-5189-5094,service_contact,동탄구보건소,,,동탄구보건소 | 화성시 동탄구 노작로 226-9 | 031-5189-5094,https://www.hscity.go.kr/health/business/infection/aids.jsp,성매개감염병/에이즈 관리,서비스 페이지 문의 문맥,49d819e130851062a96a4ab4db4fd86e85697b3072680893e217a7d398a5ee94,2026-08-27T17:20:50+09:00,성매개감염병,probable_review,공식 후보 번호는 하나이나 원문 업무명이 정확히 일치하지 않아 수동 검토가 필요합니다.,"[{""phone"": ""031-5189-5094"", ""comparison_phone"": ""03151895094"", ""contact_type"": ""service_contact"", ""affiliation"": ""동탄구보건소"", ""position"": """", ""source_url"": ""https://www.hscity.go.kr/health/business/infection/aids.jsp"", ""source_page_or_row"": ""서비스 페이지 문의 문맥"", ""matched_keys"": [""성매개감염병""], ""match_strength"": ""exploratory"", ""eligible"": true}, {""phone"": ""031-5189-5094"", ""comparison_phone"": ""03151895094"", ""contact_type"": ""direct_staff"", ""affiliation"": ""동탄구보건소 보건행정과"", ""position"": ""주무관"", ""source_url"": ""https://www.hscity.go.kr/health/organ/BD_selectHealthOrganList.do?q_healthNm=dongtan&q_currPage=2"", ""source_page_or_row"": ""페이지 2, 행 10"", ""matched_keys"": [""성매개감염병""], ""match_strength"": ""exploratory"", ""eligible"": true}]",,공식 원문 수동 검토,,
A010,감염병 예방교육,보건행정과,감염병관리팀,3층,보건행정과,,031-5189-5162 | 031-5189-5163,direct_staff,동탄구보건소 보건행정과,주무관,"신종감염병 비상 출동 및 응급상황 대기
정부합동ㆍ시군종합평가 및 성과관리
의료관련 감염병 예방관리사업
동탄권 역학조사관 업무
1~3급 법정감염병 관리 업무 전반(1~3동)
- 역학조사 계획수립 및 결과 보고
- 감염병 집단발생 현장 역학조사 및 분석, 현장교육
- 수인성 및 식품매개감염병 관리 및 역학조사
- 해외유입감염병 입국자 추적 관리
1~2급 관련 민원 처리
감염병 재난 위기대응 계획 수립
감염취약시설 감염병 예방관리
감염병관리기관의 지정 및 관리
AI인체감염대응반 운영 및 고위험군 관리",,https://www.hscity.go.kr/health/organ/BD_selectHealthOrganList.do?q_healthNm=dongtan&q_currPage=3,동탄구보건소 직원안내,"페이지 3, 행 4",1bc2075e889763df010216b78760613ae2f9aee139956964deff030adb70a914,2026-08-27T17:20:44+09:00,감염병 | 교육,ambiguous,같은 수준의 유효 후보 번호가 둘 이상이어서 자동 선택하지 않았습니다.,"[{""phone"": ""031-5189-5162"", ""comparison_phone"": ""03151895162"", ""contact_type"": ""direct_staff"", ""affiliation"": ""동탄구보건소 보건행정과"", ""position"": ""주무관"", ""source_url"": ""https://www.hscity.go.kr/health/organ/BD_selectHealthOrganList.do?q_healthNm=dongtan&q_currPage=3"", ""source_page_or_row"": ""페이지 3, 행 4"", ""matched_keys"": [""감염병"", ""교육""], ""match_strength"": ""exploratory"", ""eligible"": true}, {""phone"": ""031-5189-5163"", ""comparison_phone"": ""03151895163"", ""contact_type"": ""direct_staff"", ""affiliation"": ""동탄구보건소 보건행정과"", ""position"": ""주무관"", ""source_url"": ""https://www.hscity.go.kr/health/organ/BD_selectHealthOrganList.do?q_healthNm=dongtan&q_currPage=3"", ""source_page_or_row"": ""페이지 3, 행 5"", ""matched_keys"": [""감염병"", ""교육""], ""match_strength"": ""exploratory"", ""eligible"": true}]",,공식 원문 수동 검토,,
A011,결핵 상담·관리,보건행정과,,1층,결핵실,,031-5189-4364 | 031-5189-5094,direct_staff,동탄구보건소 보건행정과,주무관,"국가결핵관리사업
- 결핵환자 통합관리 및 접촉자 관리
- 잠복결핵감염 관리 및 결핵 예방
- 결핵 검진 및 유소견자 관리 등",,https://www.hscity.go.kr/health/organ/BD_selectHealthOrganList.do?q_healthNm=dongtan&q_currPage=3,동탄구보건소 직원안내,"페이지 3, 행 1",1bc2075e889763df010216b78760613ae2f9aee139956964deff030adb70a914,2026-08-27T17:20:44+09:00,결핵 관리,ambiguous,같은 수준의 유효 후보 번호가 둘 이상이어서 자동 선택하지 않았습니다.,"[{""phone"": ""031-5189-4364"", ""comparison_phone"": ""03151894364"", ""contact_type"": ""direct_staff"", ""affiliation"": ""동탄구보건소 보건행정과"", ""position"": ""주무관"", ""source_url"": ""https://www.hscity.go.kr/health/organ/BD_selectHealthOrganList.do?q_healthNm=dongtan&q_currPage=3"", ""source_page_or_row"": ""페이지 3, 행 1"", ""matched_keys"": [""결핵 관리""], ""match_strength"": ""exact"", ""eligible"": true}, {""phone"": ""031-5189-5094"", ""comparison_phone"": ""03151895094"", ""contact_type"": ""direct_staff"", ""affiliation"": ""동탄구보건소 보건행정과"", ""position"": ""주무관"", ""source_url"": ""https://www.hscity.go.kr/health/organ/BD_selectHealthOrganList.do?q_healthNm=dongtan&q_currPage=2"", ""source_page_or_row"": ""페이지 2, 행 10"", ""matched_keys"": [""결핵 관리""], ""match_strength"": ""exact"", ""eligible"": true}]",,공식 원문 수동 검토,,
A012,결핵 검사,보건행정과,,1층,민원실,,031-5189-4364,direct_staff,동탄구보건소 보건행정과,주무관,"국가결핵관리사업
- 결핵환자 통합관리 및 접촉자 관리
- 잠복결핵감염 관리 및 결핵 예방
- 결핵 검진 및 유소견자 관리 등",,https://www.hscity.go.kr/health/organ/BD_selectHealthOrganList.do?q_healthNm=dongtan&q_currPage=3,동탄구보건소 직원안내,"페이지 3, 행 1",1bc2075e889763df010216b78760613ae2f9aee139956964deff030adb70a914,2026-08-27T17:20:44+09:00,결핵 | 잠복결핵,probable_review,공식 후보 번호는 하나이나 원문 업무명이 정확히 일치하지 않아 수동 검토가 필요합니다.,"[{""phone"": ""031-5189-4364"", ""comparison_phone"": ""03151894364"", ""contact_type"": ""direct_staff"", ""affiliation"": ""동탄구보건소 보건행정과"", ""position"": ""주무관"", ""source_url"": ""https://www.hscity.go.kr/health/organ/BD_selectHealthOrganList.do?q_healthNm=dongtan&q_currPage=3"", ""source_page_or_row"": ""페이지 3, 행 1"", ""matched_keys"": [""결핵"", ""잠복결핵""], ""match_strength"": ""exploratory"", ""eligible"": true}]",,공식 원문 수동 검토,,
A013,의료기관 인허가·신고,보건행정과,의약무관리팀,3층,보건행정과,,031-5189-4738 | 031-5189-5133 | 031-5189-5199,direct_staff,동탄구보건소 보건행정과,주무관,"의원급 의료기관 관리 전반(동탄 5~9동)
- 의료기관 인·허가 및 관리
- 의료기관 마약류 취급에 관한 사항 전반
- 의료기관 진단용방사선장치 및 특수의료장비
신고 업무
- 의료기관 방사선관계종사자 신고 업무
(동탄7,8,9동)의료유사업소 등 신고 및 관리
- 안경업소, 치과기공소
(동탄7,8,9동)무면허 의료행위 등 신고 업무",,https://www.hscity.go.kr/health/organ/BD_selectHealthOrganList.do?q_healthNm=dongtan&q_currPage=2,동탄구보건소 직원안내,"페이지 2, 행 7",a8484db2e042b3c82954af730a31240b768cc718fae1fdea068d711be2ddc9ba,2026-08-27T17:20:44+09:00,의료기관 인허가,ambiguous,같은 수준의 유효 후보 번호가 둘 이상이어서 자동 선택하지 않았습니다.,"[{""phone"": ""031-5189-5133"", ""comparison_phone"": ""03151895133"", ""contact_type"": ""direct_staff"", ""affiliation"": ""동탄구보건소 보건행정과"", ""position"": ""주무관"", ""source_url"": ""https://www.hscity.go.kr/health/organ/BD_selectHealthOrganList.do?q_healthNm=dongtan&q_currPage=2"", ""source_page_or_row"": ""페이지 2, 행 7"", ""matched_keys"": [""의료기관 인허가""], ""match_strength"": ""exact"", ""eligible"": true}, {""phone"": ""031-5189-4738"", ""comparison_phone"": ""03151894738"", ""contact_type"": ""direct_staff"", ""affiliation"": ""동탄구보건소 보건행정과"", ""position"": ""주무관"", ""source_url"": ""https://www.hscity.go.kr/health/organ/BD_selectHealthOrganList.do?q_healthNm=dongtan&q_currPage=2"", ""source_page_or_row"": ""페이지 2, 행 5"", ""matched_keys"": [""의료기관"", ""인허가"", ""신고"", ""의원"", ""개설""], ""match_strength"": ""exploratory"", ""eligible"": true}, {""phone"": ""031-5189-5199"", ""comparison_phone"": ""03151895199"", ""contact_type"": ""direct_staff"", ""affiliation"": ""동탄구보건소 보건행정과"", ""position"": ""주무관"", ""source_url"": ""https://www.hscity.go.kr/health/organ/BD_selectHealthOrganList.do?q_healthNm=dongtan&q_currPage=2"", ""source_page_or_row"": ""페이지 2, 행 4"", ""matched_keys"": [""의료기관"", ""인허가"", ""신고"", ""개설"", ""병원""], ""match_strength"": ""exploratory"", ""eligible"": true}]",,공식 원문 수동 검토,,
A014,약국 인허가·신고,보건행정과,의약무관리팀,3층,보건행정과,,031-5189-4738 | 031-5189-5133 | 031-5189-5199 | 031-5189-5296,direct_staff,동탄구보건소 보건행정과,주무관,"(동탄1~4동) 의원급 의료기관 민원 관리 및 감독, 의료기관 개설 등 신고, 인허가 관리(의료기관 마약류 취급, 진단용 방사선 장치, 특수의료장비, 방사선 관계 종사자 변동 등 포함) / (동탄1,2,3동) 의료유사업소 등 신고 및 관리(안경업소, 치과기공소) / (동탄1,2,3동) 무면허 의료행위 등 감독 업무",,https://www.hscity.go.kr/health/organ/BD_selectHealthOrganList.do?q_healthNm=dongtan&q_currPage=2,동탄구보건소 직원안내,"페이지 2, 행 5",a8484db2e042b3c82954af730a31240b768cc718fae1fdea068d711be2ddc9ba,2026-08-27T17:20:44+09:00,인허가 | 신고 | 개설 | 허가,ambiguous,같은 수준의 유효 후보 번호가 둘 이상이어서 자동 선택하지 않았습니다.,"[{""phone"": ""031-5189-4738"", ""comparison_phone"": ""03151894738"", ""contact_type"": ""direct_staff"", ""affiliation"": ""동탄구보건소 보건행정과"", ""position"": ""주무관"", ""source_url"": ""https://www.hscity.go.kr/health/organ/BD_selectHealthOrganList.do?q_healthNm=dongtan&q_currPage=2"", ""source_page_or_row"": ""페이지 2, 행 5"", ""matched_keys"": [""인허가"", ""신고"", ""개설"", ""허가""], ""match_strength"": ""exploratory"", ""eligible"": true}, {""phone"": ""031-5189-5133"", ""comparison_phone"": ""03151895133"", ""contact_type"": ""direct_staff"", ""affiliation"": ""동탄구보건소 보건행정과"", ""position"": ""주무관"", ""source_url"": ""https://www.hscity.go.kr/health/organ/BD_selectHealthOrganList.do?q_healthNm=dongtan&q_currPage=2"", ""source_page_or_row"": ""페이지 2, 행 7"", ""matched_keys"": [""인허가"", ""신고"", ""허가""], ""match_strength"": ""exploratory"", ""eligible"": true}, {""phone"": ""031-5189-5199"", ""comparison_phone"": ""03151895199"", ""contact_type"": ""direct_staff"", ""affiliation"": ""동탄구보건소 보건행정과"", ""position"": ""주무관"", ""source_url"": ""https://www.hscity.go.kr/health/organ/BD_selectHealthOrganList.do?q_healthNm=dongtan&q_currPage=2"", ""source_page_or_row"": ""페이지 2, 행 4"", ""matched_keys"": [""인허가"", ""신고"", ""개설"", ""허가""], ""match_strength"": ""exploratory"", ""eligible"": true}, {""phone"": ""031-5189-5296"", ""comparison_phone"": ""03151895296"", ""contact_type"": ""direct_staff"", ""affiliation"": ""동탄구보건소 보건행정과"", ""position"": ""주무관"", ""source_url"": ""https://www.hscity.go.kr/health/organ/BD_selectHealthOrganList.do?q_healthNm=dongtan&q_currPage=2"", ""source_page_or_row"": ""페이지 2, 행 6"", ""matched_keys"": [""약국"", ""신고""], ""match_strength"": ""exploratory"", ""eligible"": true}, {""phone"": ""031-5189-4355"", ""comparison_phone"": ""03151894355"", ""contact_type"": ""manager"", ""affiliation"": ""동탄구보건소 보건행정과"", ""position"": ""의약관리팀장"", ""source_url"": ""https://www.hscity.go.kr/health/organ/BD_selectHealthOrganList.do?q_healthNm=dongtan&q_currPage=2"", ""source_page_or_row"": ""페이지 2, 행 2"", ""matched_keys"": [""인허가"", ""허가""], ""match_strength"": ""exploratory"", ""eligible"": false}]",,공식 원문 수동 검토,,
A015,의약품 인허가·신고,보건행정과,의약무관리팀,3층,보건행정과,,031-5189-4738 | 031-5189-5133 | 031-5189-5199 | 031-5189-5296,direct_staff,동탄구보건소 보건행정과,주무관,"(동탄1~4동) 의원급 의료기관 민원 관리 및 감독, 의료기관 개설 등 신고, 인허가 관리(의료기관 마약류 취급, 진단용 방사선 장치, 특수의료장비, 방사선 관계 종사자 변동 등 포함) / (동탄1,2,3동) 의료유사업소 등 신고 및 관리(안경업소, 치과기공소) / (동탄1,2,3동) 무면허 의료행위 등 감독 업무",,https://www.hscity.go.kr/health/organ/BD_selectHealthOrganList.do?q_healthNm=dongtan&q_currPage=2,동탄구보건소 직원안내,"페이지 2, 행 5",a8484db2e042b3c82954af730a31240b768cc718fae1fdea068d711be2ddc9ba,2026-08-27T17:20:44+09:00,인허가 | 신고 | 허가,ambiguous,같은 수준의 유효 후보 번호가 둘 이상이어서 자동 선택하지 않았습니다.,"[{""phone"": ""031-5189-4738"", ""comparison_phone"": ""03151894738"", ""contact_type"": ""direct_staff"", ""affiliation"": ""동탄구보건소 보건행정과"", ""position"": ""주무관"", ""source_url"": ""https://www.hscity.go.kr/health/organ/BD_selectHealthOrganList.do?q_healthNm=dongtan&q_currPage=2"", ""source_page_or_row"": ""페이지 2, 행 5"", ""matched_keys"": [""인허가"", ""신고"", ""허가""], ""match_strength"": ""exploratory"", ""eligible"": true}, {""phone"": ""031-5189-5133"", ""comparison_phone"": ""03151895133"", ""contact_type"": ""direct_staff"", ""affiliation"": ""동탄구보건소 보건행정과"", ""position"": ""주무관"", ""source_url"": ""https://www.hscity.go.kr/health/organ/BD_selectHealthOrganList.do?q_healthNm=dongtan&q_currPage=2"", ""source_page_or_row"": ""페이지 2, 행 7"", ""matched_keys"": [""인허가"", ""신고"", ""허가""], ""match_strength"": ""exploratory"", ""eligible"": true}, {""phone"": ""031-5189-5199"", ""comparison_phone"": ""03151895199"", ""contact_type"": ""direct_staff"", ""affiliation"": ""동탄구보건소 보건행정과"", ""position"": ""주무관"", ""source_url"": ""https://www.hscity.go.kr/health/organ/BD_selectHealthOrganList.do?q_healthNm=dongtan&q_currPage=2"", ""source_page_or_row"": ""페이지 2, 행 4"", ""matched_keys"": [""인허가"", ""신고"", ""허가""], ""match_strength"": ""exploratory"", ""eligible"": true}, {""phone"": ""031-5189-5296"", ""comparison_phone"": ""03151895296"", ""contact_type"": ""direct_staff"", ""affiliation"": ""동탄구보건소 보건행정과"", ""position"": ""주무관"", ""source_url"": ""https://www.hscity.go.kr/health/organ/BD_selectHealthOrganList.do?q_healthNm=dongtan&q_currPage=2"", ""source_page_or_row"": ""페이지 2, 행 6"", ""matched_keys"": [""의약품"", ""신고""], ""match_strength"": ""exploratory"", ""eligible"": true}, {""phone"": ""031-5189-4355"", ""comparison_phone"": ""03151894355"", ""contact_type"": ""manager"", ""affiliation"": ""동탄구보건소 보건행정과"", ""position"": ""의약관리팀장"", ""source_url"": ""https://www.hscity.go.kr/health/organ/BD_selectHealthOrganList.do?q_healthNm=dongtan&q_currPage=2"", ""source_page_or_row"": ""페이지 2, 행 2"", ""matched_keys"": [""인허가"", ""허가""], ""match_strength"": ""exploratory"", ""eligible"": false}]",,공식 원문 수동 검토,,
A016,의료기기 인허가·신고,보건행정과,의약무관리팀,3층,보건행정과,,031-5189-4738 | 031-5189-5133 | 031-5189-5199 | 031-5189-5296,direct_staff,동탄구보건소 보건행정과,주무관,"(동탄1~4동) 의원급 의료기관 민원 관리 및 감독, 의료기관 개설 등 신고, 인허가 관리(의료기관 마약류 취급, 진단용 방사선 장치, 특수의료장비, 방사선 관계 종사자 변동 등 포함) / (동탄1,2,3동) 의료유사업소 등 신고 및 관리(안경업소, 치과기공소) / (동탄1,2,3동) 무면허 의료행위 등 감독 업무",,https://www.hscity.go.kr/health/organ/BD_selectHealthOrganList.do?q_healthNm=dongtan&q_currPage=2,동탄구보건소 직원안내,"페이지 2, 행 5",a8484db2e042b3c82954af730a31240b768cc718fae1fdea068d711be2ddc9ba,2026-08-27T17:20:44+09:00,인허가 | 신고 | 허가,ambiguous,같은 수준의 유효 후보 번호가 둘 이상이어서 자동 선택하지 않았습니다.,"[{""phone"": ""031-5189-4738"", ""comparison_phone"": ""03151894738"", ""contact_type"": ""direct_staff"", ""affiliation"": ""동탄구보건소 보건행정과"", ""position"": ""주무관"", ""source_url"": ""https://www.hscity.go.kr/health/organ/BD_selectHealthOrganList.do?q_healthNm=dongtan&q_currPage=2"", ""source_page_or_row"": ""페이지 2, 행 5"", ""matched_keys"": [""인허가"", ""신고"", ""허가""], ""match_strength"": ""exploratory"", ""eligible"": true}, {""phone"": ""031-5189-5133"", ""comparison_phone"": ""03151895133"", ""contact_type"": ""direct_staff"", ""affiliation"": ""동탄구보건소 보건행정과"", ""position"": ""주무관"", ""source_url"": ""https://www.hscity.go.kr/health/organ/BD_selectHealthOrganList.do?q_healthNm=dongtan&q_currPage=2"", ""source_page_or_row"": ""페이지 2, 행 7"", ""matched_keys"": [""인허가"", ""신고"", ""허가""], ""match_strength"": ""exploratory"", ""eligible"": true}, {""phone"": ""031-5189-5199"", ""comparison_phone"": ""03151895199"", ""contact_type"": ""direct_staff"", ""affiliation"": ""동탄구보건소 보건행정과"", ""position"": ""주무관"", ""source_url"": ""https://www.hscity.go.kr/health/organ/BD_selectHealthOrganList.do?q_healthNm=dongtan&q_currPage=2"", ""source_page_or_row"": ""페이지 2, 행 4"", ""matched_keys"": [""인허가"", ""신고"", ""허가""], ""match_strength"": ""exploratory"", ""eligible"": true}, {""phone"": ""031-5189-5296"", ""comparison_phone"": ""03151895296"", ""contact_type"": ""direct_staff"", ""affiliation"": ""동탄구보건소 보건행정과"", ""position"": ""주무관"", ""source_url"": ""https://www.hscity.go.kr/health/organ/BD_selectHealthOrganList.do?q_healthNm=dongtan&q_currPage=2"", ""source_page_or_row"": ""페이지 2, 행 6"", ""matched_keys"": [""의료기기"", ""신고""], ""match_strength"": ""exploratory"", ""eligible"": true}, {""phone"": ""031-5189-4355"", ""comparison_phone"": ""03151894355"", ""contact_type"": ""manager"", ""affiliation"": ""동탄구보건소 보건행정과"", ""position"": ""의약관리팀장"", ""source_url"": ""https://www.hscity.go.kr/health/organ/BD_selectHealthOrganList.do?q_healthNm=dongtan&q_currPage=2"", ""source_page_or_row"": ""페이지 2, 행 2"", ""matched_keys"": [""인허가"", ""허가""], ""match_strength"": ""exploratory"", ""eligible"": false}]",,공식 원문 수동 검토,,
A017,의약무 관련 제증명 수납,보건행정과,,1층,민원실,,031-5189-4356 | 031-5189-4738 | 031-5189-5133 | 031-5189-5199,direct_staff,동탄구보건소 보건행정과,주무관,"구조 및 응급처치 교육 관리, 자동심장충격기 관리, 재난안전 및 재난대응 등, 명절연휴 당직의료기관 및 당번약국 관리, 지역응급의료센터 운영 지원, 약무시설 관리 전반(동탄6~9동), 의료기기 관리 전반(동탄6~9동)",,https://www.hscity.go.kr/health/organ/BD_selectHealthOrganList.do?q_healthNm=dongtan&q_currPage=2,동탄구보건소 직원안내,"페이지 2, 행 3",a8484db2e042b3c82954af730a31240b768cc718fae1fdea068d711be2ddc9ba,2026-08-27T17:20:44+09:00,약국 | 의료기관,ambiguous,같은 수준의 유효 후보 번호가 둘 이상이어서 자동 선택하지 않았습니다.,"[{""phone"": ""031-5189-4356"", ""comparison_phone"": ""03151894356"", ""contact_type"": ""direct_staff"", ""affiliation"": ""동탄구보건소 보건행정과"", ""position"": ""주무관"", ""source_url"": ""https://www.hscity.go.kr/health/organ/BD_selectHealthOrganList.do?q_healthNm=dongtan&q_currPage=2"", ""source_page_or_row"": ""페이지 2, 행 3"", ""matched_keys"": [""약국"", ""의료기관""], ""match_strength"": ""exploratory"", ""eligible"": true}, {""phone"": ""031-5189-4738"", ""comparison_phone"": ""03151894738"", ""contact_type"": ""direct_staff"", ""affiliation"": ""동탄구보건소 보건행정과"", ""position"": ""주무관"", ""source_url"": ""https://www.hscity.go.kr/health/organ/BD_selectHealthOrganList.do?q_healthNm=dongtan&q_currPage=2"", ""source_page_or_row"": ""페이지 2, 행 5"", ""matched_keys"": [""의료기관"", ""인허가""], ""match_strength"": ""exploratory"", ""eligible"": true}, {""phone"": ""031-5189-5133"", ""comparison_phone"": ""03151895133"", ""contact_type"": ""direct_staff"", ""affiliation"": ""동탄구보건소 보건행정과"", ""position"": ""주무관"", ""source_url"": ""https://www.hscity.go.kr/health/organ/BD_selectHealthOrganList.do?q_healthNm=dongtan&q_currPage=2"", ""source_page_or_row"": ""페이지 2, 행 7"", ""matched_keys"": [""의료기관"", ""인허가""], ""match_strength"": ""exploratory"", ""eligible"": true}, {""phone"": ""031-5189-5199"", ""comparison_phone"": ""03151895199"", ""contact_type"": ""direct_staff"", ""affiliation"": ""동탄구보건소 보건행정과"", ""position"": ""주무관"", ""source_url"": ""https://www.hscity.go.kr/health/organ/BD_selectHealthOrganList.do?q_healthNm=dongtan&q_currPage=2"", ""source_page_or_row"": ""페이지 2, 행 4"", ""matched_keys"": [""의료기관"", ""인허가""], ""match_strength"": ""exploratory"", ""eligible"": true}]",,공식 원문 수동 검토,,
A018,예방접종 수납,보건행정과,,1층,민원실,,031-5189-4375 | 031-5189-4376,service_contact,동탄구보건소,,,"효행구보건소 건강증진과 모자보건팀(봉담) ☎ 031-5189-3464, 6265 | 병점구보건소 건강증진과 모자보건팀(병점) ☎ 031-5189-4424, 4405 | 동탄구보건소 건강증진과 모자보건팅(석우동) ☎ 031-5189-4376",https://www.hscity.go.kr/health/business/region/motherchild/motherchild11.jsp,가다실9가(HPV) 예방접종 비용 지원,서비스 페이지 문의 문맥,08bf8ad2dd3efea25ff0a50d7e266354d2f764fb3a9b2b2e5fc98c2dc0a36650,2026-08-27T17:20:57+09:00,접종 비용 | 예방접종 비용,ambiguous,같은 수준의 유효 후보 번호가 둘 이상이어서 자동 선택하지 않았습니다.,"[{""phone"": ""031-5189-4376"", ""comparison_phone"": ""03151894376"", ""contact_type"": ""service_contact"", ""affiliation"": ""동탄구보건소"", ""position"": """", ""source_url"": ""https://www.hscity.go.kr/health/business/region/motherchild/motherchild11.jsp"", ""source_page_or_row"": ""서비스 페이지 문의 문맥"", ""matched_keys"": [""접종 비용"", ""예방접종 비용""], ""match_strength"": ""exact"", ""eligible"": true}, {""phone"": ""031-5189-4375"", ""comparison_phone"": ""03151894375"", ""contact_type"": ""service_contact"", ""affiliation"": ""동탄구보건소"", ""position"": """", ""source_url"": ""https://www.hscity.go.kr/health/vaccination/adult.jsp"", ""source_page_or_row"": ""서비스 페이지 문의 문맥"", ""matched_keys"": [""예방접종"", ""접종""], ""match_strength"": ""exploratory"", ""eligible"": true}, {""phone"": ""031-5189-4375"", ""comparison_phone"": ""03151894375"", ""contact_type"": ""service_contact"", ""affiliation"": ""동탄구보건소"", ""position"": """", ""source_url"": ""https://www.hscity.go.kr/health/vaccination/infants.jsp"", ""source_page_or_row"": ""서비스 페이지 문의 문맥"", ""matched_keys"": [""예방접종"", ""접종""], ""match_strength"": ""exploratory"", ""eligible"": true}, {""phone"": ""02-2262-4833"", ""comparison_phone"": ""0222624833"", ""contact_type"": ""external_official"", ""affiliation"": ""공식 서비스 페이지가 안내한 외부 공공기관"", ""position"": """", ""source_url"": ""https://www.hscity.go.kr/health/vaccination/tourist.jsp"", ""source_page_or_row"": ""서비스 페이지 문의 문맥"", ""matched_keys"": [""예방접종"", ""접종""], ""match_strength"": ""exploratory"", ""eligible"": false}, {""phone"": ""031-682-5213"", ""comparison_phone"": ""0316825213"", ""contact_type"": ""external_official"", ""affiliation"": ""공식 서비스 페이지가 안내한 외부 공공기관"", ""position"": """", ""source_url"": ""https://www.hscity.go.kr/health/vaccination/tourist.jsp"", ""source_page_or_row"": ""서비스 페이지 문의 문맥"", ""matched_keys"": [""예방접종"", ""접종""], ""match_strength"": ""exploratory"", ""eligible"": false}, {""phone"": ""032-740-2700"", ""comparison_phone"": ""0327402700"", ""contact_type"": ""external_official"", ""affiliation"": ""공식 서비스 페이지가 안내한 외부 공공기관"", ""position"": """", ""source_url"": ""https://www.hscity.go.kr/health/vaccination/tourist.jsp"", ""source_page_or_row"": ""서비스 페이지 문의 문맥"", ""matched_keys"": [""예방접종"", ""접종""], ""match_strength"": ""exploratory"", ""eligible"": false}, {""phone"": ""032-7883-7502"", ""comparison_phone"": ""03278837502"", ""contact_type"": ""external_official"", ""affiliation"": ""공식 서비스 페이지가 안내한 외부 공공기관"", ""position"": """", ""source_url"": ""https://www.hscity.go.kr/health/vaccination/tourist.jsp"", ""source_page_or_row"": ""서비스 페이지 문의 문맥"", ""matched_keys"": [""예방접종"", ""접종""], ""match_strength"": ""exploratory"", ""eligible"": false}, {""phone"": ""032-7883-7503"", ""comparison_phone"": ""03278837503"", ""contact_type"": ""external_official"", ""affiliation"": ""공식 서비스 페이지가 안내한 외부 공공기관"", ""position"": """", ""source_url"": ""https://www.hscity.go.kr/health/vaccination/tourist.jsp"", ""source_page_or_row"": ""서비스 페이지 문의 문맥"", ""matched_keys"": [""예방접종"", ""접종""], ""match_strength"": ""exploratory"", ""eligible"": false}, {""phone"": ""032-883-7502"", ""comparison_phone"": ""0328837502"", ""contact_type"": ""external_official"", ""affiliation"": ""공식 서비스 페이지가 안내한 외부 공공기관"", ""position"": """", ""source_url"": ""https://www.hscity.go.kr/health/vaccination/tourist.jsp"", ""source_page_or_row"": ""서비스 페이지 문의 문맥"", ""matched_keys"": [""예방접종"", ""접종""], ""match_strength"": ""exploratory"", ""eligible"": false}, {""phone"": ""032-883-7503"", ""comparison_phone"": ""0328837503"", ""contact_type"": ""external_official"", ""affiliation"": ""공식 서비스 페이지가 안내한 외부 공공기관"", ""position"": """", ""source_url"": ""https://www.hscity.go.kr/health/vaccination/tourist.jsp"", ""source_page_or_row"": ""서비스 페이지 문의 문맥"", ""matched_keys"": [""예방접종"", ""접종""], ""match_strength"": ""exploratory"", ""eligible"": false}]",,공식 원문 수동 검토,,
A019,골다공증 검사,보건행정과,,1층,민원실,,,,,,,,,,,,,,unmatched,동탄구보건소 공식 원문에서 이 업무에 직접 연결할 공개 번호를 찾지 못했습니다.,[],,공식 연락처 확인 필요,,
D001,치매검사·환자등록·약제비·물품 지원,건강증진과,치매관리팀,1층,치매안심센터,,031-5189-4719 | 031-5189-5023 | 031-5189-5081 | 031-5189-5082 | 031-5189-6931 | 031-5189-6941,service_contact,동탄구보건소,,,화성시만세구보건소: 031-5189-1080 | 화성시효행구보건소: 031-5189-3701 | 화성시동탄구보건소: 031-5189-5081,https://www.hscity.go.kr/health/business/dementia/dementia03.jsp,치매환자등록관리,서비스 페이지 문의 문맥,664a032557c3cf27c384238a84893ac81c5bb67e535656f59ea90a24fe20d04b,2026-08-27T17:20:47+09:00,치매환자 등록,conflict,개별 서비스 페이지와 직원안내의 직접 일치 번호가 다릅니다.,"[{""phone"": ""031-5189-5081"", ""comparison_phone"": ""03151895081"", ""contact_type"": ""service_contact"", ""affiliation"": ""동탄구보건소"", ""position"": """", ""source_url"": ""https://www.hscity.go.kr/health/business/dementia/dementia03.jsp"", ""source_page_or_row"": ""서비스 페이지 문의 문맥"", ""matched_keys"": [""치매환자 등록""], ""match_strength"": ""exact"", ""eligible"": true}, {""phone"": ""031-5189-5082"", ""comparison_phone"": ""03151895082"", ""contact_type"": ""direct_staff"", ""affiliation"": ""동탄구보건소 건강증진과"", ""position"": ""주무관"", ""source_url"": ""https://www.hscity.go.kr/health/organ/BD_selectHealthOrganList.do?q_healthNm=dongtan&q_currPage=7"", ""source_page_or_row"": ""페이지 7, 행 8"", ""matched_keys"": [""치매환자 등록""], ""match_strength"": ""exact"", ""eligible"": true}, {""phone"": ""031-5189-4719"", ""comparison_phone"": ""03151894719"", ""contact_type"": ""direct_staff"", ""affiliation"": ""동탄구보건소 건강증진과"", ""position"": ""주무관"", ""source_url"": ""https://www.hscity.go.kr/health/organ/BD_selectHealthOrganList.do?q_healthNm=dongtan&q_currPage=8"", ""source_page_or_row"": ""페이지 8, 행 4"", ""matched_keys"": [""치매"", ""인지"", ""등록""], ""match_strength"": ""exploratory"", ""eligible"": true}, {""phone"": ""031-5189-5023"", ""comparison_phone"": ""03151895023"", ""contact_type"": ""direct_staff"", ""affiliation"": ""동탄구보건소 건강증진과"", ""position"": ""주무관"", ""source_url"": ""https://www.hscity.go.kr/health/organ/BD_selectHealthOrganList.do?q_healthNm=dongtan&q_currPage=6"", ""source_page_or_row"": ""페이지 6, 행 2"", ""matched_keys"": [""등록"", ""기저귀""], ""match_strength"": ""exploratory"", ""eligible"": true}, {""phone"": ""031-5189-5081"", ""comparison_phone"": ""03151895081"", ""contact_type"": ""direct_staff"", ""affiliation"": ""동탄구보건소 건강증진과"", ""position"": ""주무관"", ""source_url"": ""https://www.hscity.go.kr/health/organ/BD_selectHealthOrganList.do?q_healthNm=dongtan&q_currPage=7"", ""source_page_or_row"": ""페이지 7, 행 7"", ""matched_keys"": [""치매환자"", ""치매"", ""인지""], ""match_strength"": ""exploratory"", ""eligible"": true}, {""phone"": ""031-5189-6931"", ""comparison_phone"": ""03151896931"", ""contact_type"": ""direct_staff"", ""affiliation"": ""동탄구보건소 건강증진과"", ""position"": ""주무관"", ""source_url"": ""https://www.hscity.go.kr/health/organ/BD_selectHealthOrganList.do?q_healthNm=dongtan&q_currPage=7"", ""source_page_or_row"": ""페이지 7, 행 10"", ""matched_keys"": [""물품"", ""치매"", ""등록""], ""match_strength"": ""exploratory"", ""eligible"": true}, {""phone"": ""031-5189-6931"", ""comparison_phone"": ""03151896931"", ""contact_type"": ""direct_staff"", ""affiliation"": ""동탄구보건소 건강증진과"", ""position"": ""주무관"", ""source_url"": ""https://www.hscity.go.kr/health/organ/BD_selectHealthOrganList.do?q_healthNm=dongtan&q_currPage=8"", ""source_page_or_row"": ""페이지 8, 행 6"", ""matched_keys"": [""치매"", ""등록""], ""match_strength"": ""exploratory"", ""eligible"": true}, {""phone"": ""031-5189-6941"", ""comparison_phone"": ""03151896941"", ""contact_type"": ""direct_staff"", ""affiliation"": ""동탄구보건소 건강증진과"", ""position"": ""주무관"", ""source_url"": ""https://www.hscity.go.kr/health/organ/BD_selectHealthOrganList.do?q_healthNm=dongtan&q_currPage=7"", ""source_page_or_row"": ""페이지 7, 행 9"", ""matched_keys"": [""물품"", ""치매"", ""등록""], ""match_strength"": ""exploratory"", ""eligible"": true}]",개별 서비스 페이지와 직원안내의 직접 일치 번호가 다릅니다.,공식 원문 수동 검토,,
D002,치매쉼터·치매예방교실,건강증진과,치매관리팀,1층,치매안심쉼터,,031-5189-4719 | 031-5189-5081 | 031-5189-5082,direct_staff,동탄구보건소 건강증진과,주무관,"치매 쉼터 운영
- 쉼터 운영 계획 수립 및 결과보고
- 쉼터 인지재활(인지자극) 프로그램 운영
- 건강관리 프로그램운영 및 건강관리 서비스
- 쉼터 상담 및 대상자 등록관리
- 쉼터 대상자 맞춤형 사례관리 및 추후관리
 치매예방교육 및 인지강화교육",,https://www.hscity.go.kr/health/organ/BD_selectHealthOrganList.do?q_healthNm=dongtan&q_currPage=8,동탄구보건소 직원안내,"페이지 8, 행 4",b32469ebb244b5b325071997b6da262be7366c797c071a422f3fe3c1e76d7e29,2026-08-27T17:20:45+09:00,치매쉼터,ambiguous,같은 수준의 유효 후보 번호가 둘 이상이어서 자동 선택하지 않았습니다.,"[{""phone"": ""031-5189-4719"", ""comparison_phone"": ""03151894719"", ""contact_type"": ""direct_staff"", ""affiliation"": ""동탄구보건소 건강증진과"", ""position"": ""주무관"", ""source_url"": ""https://www.hscity.go.kr/health/organ/BD_selectHealthOrganList.do?q_healthNm=dongtan&q_currPage=8"", ""source_page_or_row"": ""페이지 8, 행 4"", ""matched_keys"": [""치매쉼터""], ""match_strength"": ""exact"", ""eligible"": true}, {""phone"": ""031-5189-5081"", ""comparison_phone"": ""03151895081"", ""contact_type"": ""direct_staff"", ""affiliation"": ""동탄구보건소 건강증진과"", ""position"": ""주무관"", ""source_url"": ""https://www.hscity.go.kr/health/organ/BD_selectHealthOrganList.do?q_healthNm=dongtan&q_currPage=7"", ""source_page_or_row"": ""페이지 7, 행 7"", ""matched_keys"": [""치매예방교실""], ""match_strength"": ""exact"", ""eligible"": true}, {""phone"": ""031-5189-5082"", ""comparison_phone"": ""03151895082"", ""contact_type"": ""direct_staff"", ""affiliation"": ""동탄구보건소 건강증진과"", ""position"": ""주무관"", ""source_url"": ""https://www.hscity.go.kr/health/organ/BD_selectHealthOrganList.do?q_healthNm=dongtan&q_currPage=7"", ""source_page_or_row"": ""페이지 7, 행 8"", ""matched_keys"": [""치매쉼터"", ""치매예방교실""], ""match_strength"": ""exact"", ""eligible"": true}, {""phone"": ""031-5189-4719"", ""comparison_phone"": ""03151894719"", ""contact_type"": ""direct_staff"", ""affiliation"": ""동탄구보건소 건강증진과"", ""position"": ""주무관"", ""source_url"": ""https://www.hscity.go.kr/health/organ/BD_selectHealthOrganList.do?q_healthNm=dongtan&q_currPage=8"", ""source_page_or_row"": ""페이지 8, 행 1"", ""matched_keys"": [""치매"", ""쉼터""], ""match_strength"": ""exploratory"", ""eligible"": true}]",,공식 원문 수동 검토,,
F101,결핵실 위치 안내,보건행정과,,1층,결핵실,,,,,,,,,,,,,,unmatched,동탄구보건소 공식 원문에서 이 업무에 직접 연결할 공개 번호를 찾지 못했습니다.,[],,공식 연락처 확인 필요,,
F102,영상의학실(방사선실) 위치 안내,보건행정과,,1층,영상의학실(방사선실),,,,,,,,,,,,,,unmatched,동탄구보건소 공식 원문에서 이 업무에 직접 연결할 공개 번호를 찾지 못했습니다.,[],,공식 연락처 확인 필요,,
F103,진료실 위치 안내,보건행정과,,1층,진료실,,,,,,,,,,,,,,unmatched,동탄구보건소 공식 원문에서 이 업무에 직접 연결할 공개 번호를 찾지 못했습니다.,[],,공식 연락처 확인 필요,,
F104,검사실 위치 안내,보건행정과,,1층,검사실,,,,,,,,,,,,,,unmatched,동탄구보건소 공식 원문에서 이 업무에 직접 연결할 공개 번호를 찾지 못했습니다.,[],,공식 연락처 확인 필요,,
F105,치매안심센터 위치 안내,건강증진과,치매관리팀,1층,치매안심센터,,,,,,,,,,,,,,unmatched,동탄구보건소 공식 원문에서 이 업무에 직접 연결할 공개 번호를 찾지 못했습니다.,[],,공식 연락처 확인 필요,,
F106,재활보건실 위치 안내,건강증진과,지역보건팀,1층,재활보건실,,,,,,,,,,,,,,unmatched,동탄구보건소 공식 원문에서 이 업무에 직접 연결할 공개 번호를 찾지 못했습니다.,[],,공식 연락처 확인 필요,,
F107,치매안심쉼터 위치 안내,건강증진과,치매관리팀,1층,치매안심쉼터,,,,,,,,,,,,,,unmatched,동탄구보건소 공식 원문에서 이 업무에 직접 연결할 공개 번호를 찾지 못했습니다.,[],,공식 연락처 확인 필요,,
F108,민원실 위치 안내,보건행정과,,1층,민원실,,,,,,,,,,,,,,unmatched,동탄구보건소 공식 원문에서 이 업무에 직접 연결할 공개 번호를 찾지 못했습니다.,[],,공식 연락처 확인 필요,,
F109,모자보건실·예방접종실 위치 안내,건강증진과,모자보건팀,1층,모자보건실·예방접종실,,,,,,,,,,,,,,unmatched,동탄구보건소 공식 원문에서 이 업무에 직접 연결할 공개 번호를 찾지 못했습니다.,[],,공식 연락처 확인 필요,,
F110,모자보건교육실(수유실) 위치 안내,건강증진과,모자보건팀,1층,모자보건교육실(수유실),,,,,,,,,,,,,,unmatched,동탄구보건소 공식 원문에서 이 업무에 직접 연결할 공개 번호를 찾지 못했습니다.,[],,공식 연락처 확인 필요,,
F111,통합건강증진실 위치 안내,건강증진과,,1층,통합건강증진실,,,,,,,,,,,,,,unmatched,동탄구보건소 공식 원문에서 이 업무에 직접 연결할 공개 번호를 찾지 못했습니다.,[],,공식 연락처 확인 필요,,
F112,정신건강복지센터 위치 안내,정신건강복지센터,,1층,정신건강복지센터,,,,,,,,,,,,,,unmatched,동탄구보건소 공식 원문에서 이 업무에 직접 연결할 공개 번호를 찾지 못했습니다.,[],,공식 연락처 확인 필요,,
F201,만성질환관리센터 위치 안내,건강증진과,건강증진팀,2층,만성질환관리센터,,,,,,,,,,,,,,unmatched,동탄구보건소 공식 원문에서 이 업무에 직접 연결할 공개 번호를 찾지 못했습니다.,[],,공식 연락처 확인 필요,,
F202,운동실 위치 안내,건강증진과,,2층,운동실,,,,,,,,,,,,,,unmatched,동탄구보건소 공식 원문에서 이 업무에 직접 연결할 공개 번호를 찾지 못했습니다.,[],,공식 연락처 확인 필요,,
F203,운동지도실 위치 안내,건강증진과,,2층,운동지도실,,,,,,,,,,,,,,unmatched,동탄구보건소 공식 원문에서 이 업무에 직접 연결할 공개 번호를 찾지 못했습니다.,[],,공식 연락처 확인 필요,,
F204,금연상담실 위치 안내,건강증진과,건강증진팀,2층,금연상담실,,,,,,,,,,,,,,unmatched,동탄구보건소 공식 원문에서 이 업무에 직접 연결할 공개 번호를 찾지 못했습니다.,[],,공식 연락처 확인 필요,,
F205,화성시장애아동재활센터 위치 안내,화성시장애아동재활센터,,2층,화성시장애아동재활센터,,,,,,,,,,,,,,unmatched,동탄구보건소 공식 원문에서 이 업무에 직접 연결할 공개 번호를 찾지 못했습니다.,[],,공식 연락처 확인 필요,,
F206,대강당 위치 안내,공용시설,,2층,대강당,,,,,,,,,,,,,,unmatched,동탄구보건소 공식 원문에서 이 업무에 직접 연결할 공개 번호를 찾지 못했습니다.,[],,공식 연락처 확인 필요,,
F301,보건소장실 위치 안내,보건소장실,,3층,보건소장실,,,,,,,,,,,,,,unmatched,동탄구보건소 공식 원문에서 이 업무에 직접 연결할 공개 번호를 찾지 못했습니다.,[],,공식 연락처 확인 필요,,
F302,보건행정과 위치 안내,보건행정과,,3층,보건행정과,,,,,,,,,,,,,,unmatched,동탄구보건소 공식 원문에서 이 업무에 직접 연결할 공개 번호를 찾지 못했습니다.,[],,공식 연락처 확인 필요,,
F303,건강증진과 위치 안내,건강증진과,,3층,건강증진과,,,,,,,,,,,,,,unmatched,동탄구보건소 공식 원문에서 이 업무에 직접 연결할 공개 번호를 찾지 못했습니다.,[],,공식 연락처 확인 필요,,
F304,소회의실 위치 안내,공용시설,,3층,소회의실,,,,,,,,,,,,,,unmatched,동탄구보건소 공식 원문에서 이 업무에 직접 연결할 공개 번호를 찾지 못했습니다.,[],,공식 연락처 확인 필요,,
F305,건강증진과 과장실 위치 안내,건강증진과,,3층,건강증진과 과장실,,,,,,,,,,,,,,unmatched,동탄구보건소 공식 원문에서 이 업무에 직접 연결할 공개 번호를 찾지 못했습니다.,[],,공식 연락처 확인 필요,,
H001,금연상담,건강증진과,건강증진팀,2층,금연상담실,,031-5189-4371 | 031-5189-5131 | 031-5189-6930,direct_staff,동탄구보건소 건강증진과,주무관,금연클리닉 운영 및 금연환경조성사업,,https://www.hscity.go.kr/health/organ/BD_selectHealthOrganList.do?q_healthNm=dongtan&q_currPage=4,동탄구보건소 직원안내,"페이지 4, 행 7",02b2cc4a27c7d05924dcac2bbe3ba22376704a4f7661fd67802856e589f69a08,2026-08-27T17:20:44+09:00,금연클리닉,ambiguous,같은 수준의 유효 후보 번호가 둘 이상이어서 자동 선택하지 않았습니다.,"[{""phone"": ""031-5189-4371"", ""comparison_phone"": ""03151894371"", ""contact_type"": ""direct_staff"", ""affiliation"": ""동탄구보건소 건강증진과"", ""position"": ""주무관"", ""source_url"": ""https://www.hscity.go.kr/health/organ/BD_selectHealthOrganList.do?q_healthNm=dongtan&q_currPage=4"", ""source_page_or_row"": ""페이지 4, 행 7"", ""matched_keys"": [""금연클리닉""], ""match_strength"": ""exact"", ""eligible"": true}, {""phone"": ""031-5189-5131"", ""comparison_phone"": ""03151895131"", ""contact_type"": ""direct_staff"", ""affiliation"": ""동탄구보건소 건강증진과"", ""position"": ""주무관"", ""source_url"": ""https://www.hscity.go.kr/health/organ/BD_selectHealthOrganList.do?q_healthNm=dongtan&q_currPage=4"", ""source_page_or_row"": ""페이지 4, 행 3"", ""matched_keys"": [""금연클리닉""], ""match_strength"": ""exact"", ""eligible"": true}, {""phone"": ""031-5189-6930"", ""comparison_phone"": ""03151896930"", ""contact_type"": ""direct_staff"", ""affiliation"": ""동탄구보건소 건강증진과"", ""position"": ""주무관"", ""source_url"": ""https://www.hscity.go.kr/health/organ/BD_selectHealthOrganList.do?q_healthNm=dongtan&q_currPage=4"", ""source_page_or_row"": ""페이지 4, 행 10"", ""matched_keys"": [""금연클리닉""], ""match_strength"": ""exact"", ""eligible"": true}]",,공식 원문 수동 검토,,
H002,인바디 측정·13주 프로그램·대사증후군 검사,건강증진과,건강증진팀,2층,만성질환관리센터,,,,,,,,,,,,,,unmatched,동탄구보건소 공식 원문에서 이 업무에 직접 연결할 공개 번호를 찾지 못했습니다.,[],,공식 연락처 확인 필요,,
H003,비만타파·근력강화 운동교실,건강증진과,건강증진팀,2층,대강당,,,,,,,,,,,,,,unmatched,동탄구보건소 공식 원문에서 이 업무에 직접 연결할 공개 번호를 찾지 못했습니다.,[],,공식 연락처 확인 필요,,
H004,금연아파트 지정,건강증진과,건강증진팀,3층,건강증진과,,031-5189-5124 | 031-5189-5125,direct_staff,동탄구보건소 건강증진과,주무관,"동탄권역(1~9동)금연구역단속 및 민원처리
금연환경조성(홍보)",,https://www.hscity.go.kr/health/organ/BD_selectHealthOrganList.do?q_healthNm=dongtan&q_currPage=4,동탄구보건소 직원안내,"페이지 4, 행 8",02b2cc4a27c7d05924dcac2bbe3ba22376704a4f7661fd67802856e589f69a08,2026-08-27T17:20:44+09:00,금연 | 금연구역,ambiguous,같은 수준의 유효 후보 번호가 둘 이상이어서 자동 선택하지 않았습니다.,"[{""phone"": ""031-5189-5124"", ""comparison_phone"": ""03151895124"", ""contact_type"": ""direct_staff"", ""affiliation"": ""동탄구보건소 건강증진과"", ""position"": ""주무관"", ""source_url"": ""https://www.hscity.go.kr/health/organ/BD_selectHealthOrganList.do?q_healthNm=dongtan&q_currPage=4"", ""source_page_or_row"": ""페이지 4, 행 8"", ""matched_keys"": [""금연"", ""금연구역""], ""match_strength"": ""exploratory"", ""eligible"": true}, {""phone"": ""031-5189-5125"", ""comparison_phone"": ""03151895125"", ""contact_type"": ""direct_staff"", ""affiliation"": ""동탄구보건소 건강증진과"", ""position"": ""주무관"", ""source_url"": ""https://www.hscity.go.kr/health/organ/BD_selectHealthOrganList.do?q_healthNm=dongtan&q_currPage=4"", ""source_page_or_row"": ""페이지 4, 행 6"", ""matched_keys"": [""금연"", ""금연구역""], ""match_strength"": ""exploratory"", ""eligible"": true}]",,공식 원문 수동 검토,,
M001,희귀질환자 의료비 지원 신청,건강증진과,모자보건팀,3층,건강증진과,,031-5189-6944,service_contact,동탄구보건소,,,효행구보건소 건강증진과 지역보건팀(봉담) ☎ 031-5189-2927 방문처: 봉담읍 동화새터길 109 | 병점구보건소 건강증진과 모자보건팀(병점) ☎ 031-5189-4440 방문처: 떡전골로 72-3 | 동탄구보건소 건강증진과 모자보건팀(석우동) ☎ 031-5189-6944 방문처: 노작로 226-9,https://www.hscity.go.kr/health/business/expense/incurable.jsp,희귀질환자 의료비 지원,서비스 페이지 문의 문맥,77f563c395dfd0c5673c368e9448eb0d17cce88883d9f827da6fccdbcc6c6c29,2026-08-27T17:20:48+09:00,희귀질환자 의료비 | 희귀질환,confirmed,동탄구보건소 공식 원문에서 동일 역할의 유효한 직접 일치 번호가 하나 확인되었습니다.,"[{""phone"": ""031-5189-6944"", ""comparison_phone"": ""03151896944"", ""contact_type"": ""service_contact"", ""affiliation"": ""동탄구보건소"", ""position"": """", ""source_url"": ""https://www.hscity.go.kr/health/business/expense/incurable.jsp"", ""source_page_or_row"": ""서비스 페이지 문의 문맥"", ""matched_keys"": [""희귀질환자 의료비"", ""희귀질환""], ""match_strength"": ""exact"", ""eligible"": true}]",,수동 승인 후 반영 검토,,
M002,선천성대사이상 의료비 지원 신청,건강증진과,모자보건팀,3층,건강증진과,,031-5189-6944,service_contact,동탄구보건소,,,효행구보건소 건강증진과 모자보건팀(봉담) ☎ 031-5189-2969 방문처: 효행구 봉담읍 동화새터길 109 | 병점구보건소 건강증진과 모자보건팀(병점) ☎ 031-5189-4440 방문처: 떡전골로 72-3 | 동탄구보건소 건강증진과 모자보건팀(석우동) ☎ 031-5189-6944 방문처: 노작로 226-9,https://www.hscity.go.kr/health/business/expense/inbornError.jsp,선천성대사이상 검사 및 환아관리,서비스 페이지 문의 문맥,4bda5adccea82679f057ecd4ba993739bb35da604613caadabf35ee7ce617d4d,2026-08-27T17:20:48+09:00,선천성대사이상,confirmed,동탄구보건소 공식 원문에서 동일 역할의 유효한 직접 일치 번호가 하나 확인되었습니다.,"[{""phone"": ""031-5189-6944"", ""comparison_phone"": ""03151896944"", ""contact_type"": ""service_contact"", ""affiliation"": ""동탄구보건소"", ""position"": """", ""source_url"": ""https://www.hscity.go.kr/health/business/expense/inbornError.jsp"", ""source_page_or_row"": ""서비스 페이지 문의 문맥"", ""matched_keys"": [""선천성대사이상""], ""match_strength"": ""exact"", ""eligible"": true}, {""phone"": ""031-5189-6944"", ""comparison_phone"": ""03151896944"", ""contact_type"": ""direct_staff"", ""affiliation"": ""동탄구보건소 건강증진과"", ""position"": ""주무관"", ""source_url"": ""https://www.hscity.go.kr/health/organ/BD_selectHealthOrganList.do?q_healthNm=dongtan&q_currPage=5"", ""source_page_or_row"": ""페이지 5, 행 8"", ""matched_keys"": [""선천성대사이상""], ""match_strength"": ""exact"", ""eligible"": true}, {""phone"": ""031-5189-6944"", ""comparison_phone"": ""03151896944"", ""contact_type"": ""service_contact"", ""affiliation"": ""동탄구보건소"", ""position"": """", ""source_url"": ""https://www.hscity.go.kr/health/business/expense/preemie.jsp"", ""source_page_or_row"": ""서비스 페이지 문의 문맥"", ""matched_keys"": [""의료비"", ""선천성""], ""match_strength"": ""exploratory"", ""eligible"": true}]",,수동 승인 후 반영 검토,,
M003,난임부부 시술비 지원 신청,건강증진과,모자보건팀,1층,모자보건실·예방접종실,,031-5189-4370 | 031-5189-5085 | 031-5189-6943,service_contact,동탄구보건소,,,"효행구보건소 건강증진과 모자보건팀(봉담) ☎031-5189-3547, 2969 | 병점구보건소 건강증진과 모자보건팀(병점) ☎ 031-5189-4425, 4307 | 동탄구보건소 건강증진과 모자보건팀(석우동) ☎ 031-5189-5085, 4370, 6943",https://www.hscity.go.kr/health/business/region/motherchild/motherchild02.jsp,난임부부 시술비 지원,서비스 페이지 문의 문맥,350634ff3db02cb2229a12b768bf8e246509810eda2a56dd42d92b4b04fdb017,2026-08-27T17:20:55+09:00,난임부부 시술비,conflict,개별 서비스 페이지와 직원안내의 직접 일치 번호가 다릅니다.,"[{""phone"": ""031-5189-4370"", ""comparison_phone"": ""03151894370"", ""contact_type"": ""service_contact"", ""affiliation"": ""동탄구보건소"", ""position"": """", ""source_url"": ""https://www.hscity.go.kr/health/business/region/motherchild/motherchild02.jsp"", ""source_page_or_row"": ""서비스 페이지 문의 문맥"", ""matched_keys"": [""난임부부 시술비""], ""match_strength"": ""exact"", ""eligible"": true}, {""phone"": ""031-5189-5085"", ""comparison_phone"": ""03151895085"", ""contact_type"": ""service_contact"", ""affiliation"": ""동탄구보건소"", ""position"": """", ""source_url"": ""https://www.hscity.go.kr/health/business/region/motherchild/motherchild02.jsp"", ""source_page_or_row"": ""서비스 페이지 문의 문맥"", ""matched_keys"": [""난임부부 시술비""], ""match_strength"": ""exact"", ""eligible"": true}, {""phone"": ""031-5189-6943"", ""comparison_phone"": ""03151896943"", ""contact_type"": ""service_contact"", ""affiliation"": ""동탄구보건소"", ""position"": """", ""source_url"": ""https://www.hscity.go.kr/health/business/region/motherchild/motherchild02.jsp"", ""source_page_or_row"": ""서비스 페이지 문의 문맥"", ""matched_keys"": [""난임부부 시술비""], ""match_strength"": ""exact"", ""eligible"": true}, {""phone"": ""031-5189-4370"", ""comparison_phone"": ""03151894370"", ""contact_type"": ""direct_staff"", ""affiliation"": ""동탄구보건소 건강증진과"", ""position"": ""주무관"", ""source_url"": ""https://www.hscity.go.kr/health/organ/BD_selectHealthOrganList.do?q_healthNm=dongtan&q_currPage=5"", ""source_page_or_row"": ""페이지 5, 행 9"", ""matched_keys"": [""난임부부 시술비""], ""match_strength"": ""exact"", ""eligible"": true}, {""phone"": ""031-5189-5085"", ""comparison_phone"": ""03151895085"", ""contact_type"": ""direct_staff"", ""affiliation"": ""동탄구보건소 건강증진과"", ""position"": ""주무관"", ""source_url"": ""https://www.hscity.go.kr/health/organ/BD_selectHealthOrganList.do?q_healthNm=dongtan&q_currPage=5"", ""source_page_or_row"": ""페이지 5, 행 10"", ""matched_keys"": [""난임부부 시술비""], ""match_strength"": ""exact"", ""eligible"": true}, {""phone"": ""031-5189-6943"", ""comparison_phone"": ""03151896943"", ""contact_type"": ""direct_staff"", ""affiliation"": ""동탄구보건소 건강증진과"", ""position"": ""주무관"", ""source_url"": ""https://www.hscity.go.kr/health/organ/BD_selectHealthOrganList.do?q_healthNm=dongtan&q_currPage=5"", ""source_page_or_row"": ""페이지 5, 행 7"", ""matched_keys"": [""난임부부"", ""난임""], ""match_strength"": ""exploratory"", ""eligible"": true}]",개별 서비스 페이지와 직원안내의 직접 일치 번호가 다릅니다.,공식 원문 수동 검토,,
M004,산모·신생아 건강관리 지원 신청,건강증진과,모자보건팀,1층,모자보건실·예방접종실,,031-5189-4370 | 031-5189-5085 | 031-5189-6944,service_contact,동탄구보건소,,,"효행구보건소 건강증진과 모자보건팀(봉담) ☎ 031-5189-3547, 2969 방문처 : 봉담읍 동화새터길 109 | 병점구보건소 건강증진과 모자보건팀(병점) ☎ 031-5189-4425, 4307 방문처 : 떡전골로 72-3 | 동탄구보건소 건강증진과 모자보건팀(석우동) ☎ 031-5189-5085, 4370, 6944 방문처 : 노작로 226-9",https://www.hscity.go.kr/health/business/region/motherchild/motherchild04.jsp,산모신생아 건강관리지원사업,서비스 페이지 문의 문맥,6ce91bf7340c36c21eb88e4e7882fc99beceeda1e07fe59621f2c0adf259fd7f,2026-08-27T17:20:55+09:00,산모신생아 건강관리,ambiguous,같은 수준의 유효 후보 번호가 둘 이상이어서 자동 선택하지 않았습니다.,"[{""phone"": ""031-5189-4370"", ""comparison_phone"": ""03151894370"", ""contact_type"": ""service_contact"", ""affiliation"": ""동탄구보건소"", ""position"": """", ""source_url"": ""https://www.hscity.go.kr/health/business/region/motherchild/motherchild04.jsp"", ""source_page_or_row"": ""서비스 페이지 문의 문맥"", ""matched_keys"": [""산모신생아 건강관리""], ""match_strength"": ""exact"", ""eligible"": true}, {""phone"": ""031-5189-5085"", ""comparison_phone"": ""03151895085"", ""contact_type"": ""service_contact"", ""affiliation"": ""동탄구보건소"", ""position"": """", ""source_url"": ""https://www.hscity.go.kr/health/business/region/motherchild/motherchild04.jsp"", ""source_page_or_row"": ""서비스 페이지 문의 문맥"", ""matched_keys"": [""산모신생아 건강관리""], ""match_strength"": ""exact"", ""eligible"": true}, {""phone"": ""031-5189-6944"", ""comparison_phone"": ""03151896944"", ""contact_type"": ""service_contact"", ""affiliation"": ""동탄구보건소"", ""position"": """", ""source_url"": ""https://www.hscity.go.kr/health/business/region/motherchild/motherchild04.jsp"", ""source_page_or_row"": ""서비스 페이지 문의 문맥"", ""matched_keys"": [""산모신생아 건강관리""], ""match_strength"": ""exact"", ""eligible"": true}, {""phone"": ""031-5189-4370"", ""comparison_phone"": ""03151894370"", ""contact_type"": ""direct_staff"", ""affiliation"": ""동탄구보건소 건강증진과"", ""position"": ""주무관"", ""source_url"": ""https://www.hscity.go.kr/health/organ/BD_selectHealthOrganList.do?q_healthNm=dongtan&q_currPage=5"", ""source_page_or_row"": ""페이지 5, 행 9"", ""matched_keys"": [""산모신생아 건강관리""], ""match_strength"": ""exact"", ""eligible"": true}, {""phone"": ""031-5189-5085"", ""comparison_phone"": ""03151895085"", ""contact_type"": ""direct_staff"", ""affiliation"": ""동탄구보건소 건강증진과"", ""position"": ""주무관"", ""source_url"": ""https://www.hscity.go.kr/health/organ/BD_selectHealthOrganList.do?q_healthNm=dongtan&q_currPage=5"", ""source_page_or_row"": ""페이지 5, 행 10"", ""matched_keys"": [""산모신생아 건강관리""], ""match_strength"": ""exact"", ""eligible"": true}, {""phone"": ""031-5189-6944"", ""comparison_phone"": ""03151896944"", ""contact_type"": ""direct_staff"", ""affiliation"": ""동탄구보건소 건강증진과"", ""position"": ""주무관"", ""source_url"": ""https://www.hscity.go.kr/health/organ/BD_selectHealthOrganList.do?q_healthNm=dongtan&q_currPage=5"", ""source_page_or_row"": ""페이지 5, 행 8"", ""matched_keys"": [""산모신생아 건강관리""], ""match_strength"": ""exact"", ""eligible"": true}]",,공식 원문 수동 검토,,
M005,고위험 임산부 의료비 지원 신청,건강증진과,모자보건팀,1층,모자보건실·예방접종실,,031-5189-4370 | 031-5189-5023 | 031-5189-5076 | 031-5189-5085,service_contact,동탄구보건소,,,"효행구보건소 건강증진과 모자보건팀(봉담) ☎031-5189-2969, 3547 | 병점구보건소 건강증진과 모자보건팀(병점) ☎ 031-5189-4440 | 동탄구보건소 건강증진과 모자보건팀(석우동) ☎ 031-5189-5076",https://www.hscity.go.kr/health/business/expense/motherchild07.jsp,고위험임산부 의료비 지원,서비스 페이지 문의 문맥,c17a9b70433868f6e304bd03962e5ec72478e79f3f7373fe9751eee3e9d461fe,2026-08-27T17:20:49+09:00,고위험 임산부 의료비 | 고위험임산부,conflict,개별 서비스 페이지와 직원안내의 직접 일치 번호가 다릅니다.,"[{""phone"": ""031-5189-5076"", ""comparison_phone"": ""03151895076"", ""contact_type"": ""service_contact"", ""affiliation"": ""동탄구보건소"", ""position"": """", ""source_url"": ""https://www.hscity.go.kr/health/business/expense/motherchild07.jsp"", ""source_page_or_row"": ""서비스 페이지 문의 문맥"", ""matched_keys"": [""고위험 임산부 의료비"", ""고위험임산부""], ""match_strength"": ""exact"", ""eligible"": true}, {""phone"": ""031-5189-4370"", ""comparison_phone"": ""03151894370"", ""contact_type"": ""direct_staff"", ""affiliation"": ""동탄구보건소 건강증진과"", ""position"": ""주무관"", ""source_url"": ""https://www.hscity.go.kr/health/organ/BD_selectHealthOrganList.do?q_healthNm=dongtan&q_currPage=5"", ""source_page_or_row"": ""페이지 5, 행 9"", ""matched_keys"": [""고위험 임산부 의료비"", ""고위험임산부""], ""match_strength"": ""exact"", ""eligible"": true}, {""phone"": ""031-5189-5076"", ""comparison_phone"": ""03151895076"", ""contact_type"": ""direct_staff"", ""affiliation"": ""동탄구보건소 건강증진과"", ""position"": ""주무관"", ""source_url"": ""https://www.hscity.go.kr/health/organ/BD_selectHealthOrganList.do?q_healthNm=dongtan&q_currPage=5"", ""source_page_or_row"": ""페이지 5, 행 5"", ""matched_keys"": [""고위험 임산부 의료비"", ""고위험임산부""], ""match_strength"": ""exact"", ""eligible"": true}, {""phone"": ""031-5189-5085"", ""comparison_phone"": ""03151895085"", ""contact_type"": ""direct_staff"", ""affiliation"": ""동탄구보건소 건강증진과"", ""position"": ""주무관"", ""source_url"": ""https://www.hscity.go.kr/health/organ/BD_selectHealthOrganList.do?q_healthNm=dongtan&q_currPage=5"", ""source_page_or_row"": ""페이지 5, 행 10"", ""matched_keys"": [""고위험 임산부 의료비"", ""고위험임산부""], ""match_strength"": ""exact"", ""eligible"": true}, {""phone"": ""031-5189-5023"", ""comparison_phone"": ""03151895023"", ""contact_type"": ""direct_staff"", ""affiliation"": ""동탄구보건소 건강증진과"", ""position"": ""주무관"", ""source_url"": ""https://www.hscity.go.kr/health/organ/BD_selectHealthOrganList.do?q_healthNm=dongtan&q_currPage=6"", ""source_page_or_row"": ""페이지 6, 행 2"", ""matched_keys"": [""임산부"", ""임신""], ""match_strength"": ""exploratory"", ""eligible"": true}]",개별 서비스 페이지와 직원안내의 직접 일치 번호가 다릅니다.,공식 원문 수동 검토,,
M006,기저귀·조제분유 바우처 신청,건강증진과,모자보건팀,1층,모자보건실·예방접종실,,031-5189-4370 | 031-5189-5023 | 031-5189-5085 | 031-5189-6944,service_contact,동탄구보건소,,,"효행구보건소 건강증진과 모자보건팀(봉담) ☎ 031-5189-3547, 2969 방문처 : 봉담읍 동화새터길 109 | 병점구보건소 건강증진과 모자보건팀(병점) ☎ 031-5189-4425, 4440 방문처 : 떡전골로 72-3 | 동탄구보건소 건강증진과 모자보건팀(석우동) ☎ 031-5189-5085, 4370, 6944 방문처 : 노작로 226-9",https://www.hscity.go.kr/health/business/region/motherchild/motherchild06.jsp,저소득층 기저귀 · 조제분유 지원,서비스 페이지 문의 문맥,cc9978b700e4723a4e48266aad1a8b864cb2454256a0be3bd1f6e2ddd79f6d5a,2026-08-27T17:20:56+09:00,기저귀 조제분유 | 조제분유 | 분유 지원,conflict,개별 서비스 페이지와 직원안내의 직접 일치 번호가 다릅니다.,"[{""phone"": ""031-5189-4370"", ""comparison_phone"": ""03151894370"", ""contact_type"": ""service_contact"", ""affiliation"": ""동탄구보건소"", ""position"": """", ""source_url"": ""https://www.hscity.go.kr/health/business/region/motherchild/motherchild06.jsp"", ""source_page_or_row"": ""서비스 페이지 문의 문맥"", ""matched_keys"": [""기저귀 조제분유"", ""조제분유"", ""분유 지원""], ""match_strength"": ""exact"", ""eligible"": true}, {""phone"": ""031-5189-5085"", ""comparison_phone"": ""03151895085"", ""contact_type"": ""service_contact"", ""affiliation"": ""동탄구보건소"", ""position"": """", ""source_url"": ""https://www.hscity.go.kr/health/business/region/motherchild/motherchild06.jsp"", ""source_page_or_row"": ""서비스 페이지 문의 문맥"", ""matched_keys"": [""기저귀 조제분유"", ""조제분유"", ""분유 지원""], ""match_strength"": ""exact"", ""eligible"": true}, {""phone"": ""031-5189-6944"", ""comparison_phone"": ""03151896944"", ""contact_type"": ""service_contact"", ""affiliation"": ""동탄구보건소"", ""position"": """", ""source_url"": ""https://www.hscity.go.kr/health/business/region/motherchild/motherchild06.jsp"", ""source_page_or_row"": ""서비스 페이지 문의 문맥"", ""matched_keys"": [""기저귀 조제분유"", ""조제분유"", ""분유 지원""], ""match_strength"": ""exact"", ""eligible"": true}, {""phone"": ""031-5189-5023"", ""comparison_phone"": ""03151895023"", ""contact_type"": ""direct_staff"", ""affiliation"": ""동탄구보건소 건강증진과"", ""position"": ""주무관"", ""source_url"": ""https://www.hscity.go.kr/health/organ/BD_selectHealthOrganList.do?q_healthNm=dongtan&q_currPage=6"", ""source_page_or_row"": ""페이지 6, 행 2"", ""matched_keys"": [""기저귀 조제분유"", ""조제분유"", ""분유 지원""], ""match_strength"": ""exact"", ""eligible"": true}, {""phone"": ""031-5189-6944"", ""comparison_phone"": ""03151896944"", ""contact_type"": ""direct_staff"", ""affiliation"": ""동탄구보건소 건강증진과"", ""position"": ""주무관"", ""source_url"": ""https://www.hscity.go.kr/health/organ/BD_selectHealthOrganList.do?q_healthNm=dongtan&q_currPage=5"", ""source_page_or_row"": ""페이지 5, 행 8"", ""matched_keys"": [""조제분유"", ""분유 지원""], ""match_strength"": ""exact"", ""eligible"": true}]",개별 서비스 페이지와 직원안내의 직접 일치 번호가 다릅니다.,공식 원문 수동 검토,,
M007,태아기형아 검사비 지원,건강증진과,모자보건팀,1층,모자보건실·예방접종실,,031-5189-4370 | 031-5189-5075 | 031-5189-5076 | 031-5189-5085,service_contact,동탄구보건소,,,"효행구보건소 건강증진과 모자보건팀(봉담) ☎ 031-5189-2969, 3547 방문처: 효행구 봉담읍 동화새터길 109 | 병점구보건소 건강증진과 모자보건팀(병점) ☎ 031-5189-4425, 4307 방문처: 병점구 떡전골로 72-3 | 동탄구보건소 건강증진과 모자보건팀(석우동) ☎ 031-5189-5076, 5085 방문처: 동탄구 노작로 226-9",https://www.hscity.go.kr/health/business/expense/dchildExpenses.jsp,태아 기형아 검사비 지원,서비스 페이지 문의 문맥,f0df2855dd7649b3406ca71eb026764262bac0aee47eaea2d9da0c818995a530,2026-08-27T17:20:48+09:00,태아기형아 검사비 지원 | 태아기형아 검사비 | 기형아 검사비,conflict,개별 서비스 페이지와 직원안내의 직접 일치 번호가 다릅니다.,"[{""phone"": ""031-5189-5076"", ""comparison_phone"": ""03151895076"", ""contact_type"": ""service_contact"", ""affiliation"": ""동탄구보건소"", ""position"": """", ""source_url"": ""https://www.hscity.go.kr/health/business/expense/dchildExpenses.jsp"", ""source_page_or_row"": ""서비스 페이지 문의 문맥"", ""matched_keys"": [""태아기형아 검사비 지원"", ""태아기형아 검사비"", ""기형아 검사비""], ""match_strength"": ""exact"", ""eligible"": true}, {""phone"": ""031-5189-5085"", ""comparison_phone"": ""03151895085"", ""contact_type"": ""service_contact"", ""affiliation"": ""동탄구보건소"", ""position"": """", ""source_url"": ""https://www.hscity.go.kr/health/business/expense/dchildExpenses.jsp"", ""source_page_or_row"": ""서비스 페이지 문의 문맥"", ""matched_keys"": [""태아기형아 검사비 지원"", ""태아기형아 검사비"", ""기형아 검사비""], ""match_strength"": ""exact"", ""eligible"": true}, {""phone"": ""031-5189-4370"", ""comparison_phone"": ""03151894370"", ""contact_type"": ""direct_staff"", ""affiliation"": ""동탄구보건소 건강증진과"", ""position"": ""주무관"", ""source_url"": ""https://www.hscity.go.kr/health/organ/BD_selectHealthOrganList.do?q_healthNm=dongtan&q_currPage=5"", ""source_page_or_row"": ""페이지 5, 행 9"", ""matched_keys"": [""태아기형아 검사비 지원"", ""태아기형아 검사비"", ""기형아 검사비""], ""match_strength"": ""exact"", ""eligible"": true}, {""phone"": ""031-5189-5075"", ""comparison_phone"": ""03151895075"", ""contact_type"": ""direct_staff"", ""affiliation"": ""동탄구보건소 건강증진과"", ""position"": ""주무관"", ""source_url"": ""https://www.hscity.go.kr/health/organ/BD_selectHealthOrganList.do?q_healthNm=dongtan&q_currPage=6"", ""source_page_or_row"": ""페이지 6, 행 3"", ""matched_keys"": [""태아기형아 검사비 지원"", ""태아기형아 검사비"", ""기형아 검사비""], ""match_strength"": ""exact"", ""eligible"": true}, {""phone"": ""031-5189-5076"", ""comparison_phone"": ""03151895076"", ""contact_type"": ""direct_staff"", ""affiliation"": ""동탄구보건소 건강증진과"", ""position"": ""주무관"", ""source_url"": ""https://www.hscity.go.kr/health/organ/BD_selectHealthOrganList.do?q_healthNm=dongtan&q_currPage=5"", ""source_page_or_row"": ""페이지 5, 행 5"", ""matched_keys"": [""태아기형아 검사비 지원"", ""태아기형아 검사비"", ""기형아 검사비""], ""match_strength"": ""exact"", ""eligible"": true}, {""phone"": ""031-5189-5085"", ""comparison_phone"": ""03151895085"", ""contact_type"": ""direct_staff"", ""affiliation"": ""동탄구보건소 건강증진과"", ""position"": ""주무관"", ""source_url"": ""https://www.hscity.go.kr/health/organ/BD_selectHealthOrganList.do?q_healthNm=dongtan&q_currPage=5"", ""source_page_or_row"": ""페이지 5, 행 10"", ""matched_keys"": [""태아기형아 검사비 지원"", ""태아기형아 검사비"", ""기형아 검사비""], ""match_strength"": ""exact"", ""eligible"": true}]",개별 서비스 페이지와 직원안내의 직접 일치 번호가 다릅니다.,공식 원문 수동 검토,,
M008,미숙아·선천성이상아 의료비 지원 신청,건강증진과,모자보건팀,1층,모자보건실·예방접종실,,031-5189-6944,service_contact,동탄구보건소,,,효행구보건소 건강증진과 모자보건팀(봉담) ☎ 031-5189-6265 방문처: 봉담읍 동화새터길 109 | 병점구보건소 건강증진과 모자보건팀(병점) ☎ 031-5189-4440 방문처: 병점구 떡전골로 72-3 | 동탄구보건소 건강증진과 모자보건팀(석우동) ☎ 031-5189-6944 방문처: 동탄구 노작로 226-9,https://www.hscity.go.kr/health/business/expense/preemie.jsp,미숙아 및 선천성이상아 의료비 지원,서비스 페이지 문의 문맥,75e4b020ca0b70b5ae6b0d960eaad2d028a40a28f0f32afea318b9f3a485f098,2026-08-27T17:20:49+09:00,선천성이상아 의료비 | 미숙아 | 선천성 이상아,confirmed,동탄구보건소 공식 원문에서 동일 역할의 유효한 직접 일치 번호가 하나 확인되었습니다.,"[{""phone"": ""031-5189-6944"", ""comparison_phone"": ""03151896944"", ""contact_type"": ""service_contact"", ""affiliation"": ""동탄구보건소"", ""position"": """", ""source_url"": ""https://www.hscity.go.kr/health/business/expense/preemie.jsp"", ""source_page_or_row"": ""서비스 페이지 문의 문맥"", ""matched_keys"": [""선천성이상아 의료비"", ""미숙아"", ""선천성 이상아""], ""match_strength"": ""exact"", ""eligible"": true}, {""phone"": ""031-5189-6944"", ""comparison_phone"": ""03151896944"", ""contact_type"": ""direct_staff"", ""affiliation"": ""동탄구보건소 건강증진과"", ""position"": ""주무관"", ""source_url"": ""https://www.hscity.go.kr/health/organ/BD_selectHealthOrganList.do?q_healthNm=dongtan&q_currPage=5"", ""source_page_or_row"": ""페이지 5, 행 8"", ""matched_keys"": [""선천성이상아 의료비"", ""미숙아"", ""선천성 이상아""], ""match_strength"": ""exact"", ""eligible"": true}]",,수동 승인 후 반영 검토,,
M009,예방접종,건강증진과,모자보건팀,1층,모자보건실·예방접종실,,031-5189-4375 | 031-5189-4376 | 031-5189-5023 | 031-5189-5675,service_contact,동탄구보건소,,,"화성시만세구보건소(미정) ☎ 031-5189-6260(향남) | 화성시효행구보건소(화, 목) ☎ 031-5189-3464(봉담) | 화성시동탄구보건소(월, 화, 목) ☎ 031-5189-4375(석우동)",https://www.hscity.go.kr/health/vaccination/adult.jsp,성인예방접종,서비스 페이지 문의 문맥,960bc36e1158c1829a73b00db838534b03b8f2d299d55eac1528221371f6caac,2026-08-27T17:21:00+09:00,예방접종,conflict,개별 서비스 페이지와 직원안내의 직접 일치 번호가 다릅니다.,"[{""phone"": ""031-5189-4375"", ""comparison_phone"": ""03151894375"", ""contact_type"": ""service_contact"", ""affiliation"": ""동탄구보건소"", ""position"": """", ""source_url"": ""https://www.hscity.go.kr/health/vaccination/adult.jsp"", ""source_page_or_row"": ""서비스 페이지 문의 문맥"", ""matched_keys"": [""예방접종""], ""match_strength"": ""exact"", ""eligible"": true}, {""phone"": ""031-5189-4375"", ""comparison_phone"": ""03151894375"", ""contact_type"": ""service_contact"", ""affiliation"": ""동탄구보건소"", ""position"": """", ""source_url"": ""https://www.hscity.go.kr/health/vaccination/infants.jsp"", ""source_page_or_row"": ""서비스 페이지 문의 문맥"", ""matched_keys"": [""예방접종""], ""match_strength"": ""exact"", ""eligible"": true}, {""phone"": ""031-5189-4376"", ""comparison_phone"": ""03151894376"", ""contact_type"": ""service_contact"", ""affiliation"": ""동탄구보건소"", ""position"": """", ""source_url"": ""https://www.hscity.go.kr/health/business/region/motherchild/motherchild11.jsp"", ""source_page_or_row"": ""서비스 페이지 문의 문맥"", ""matched_keys"": [""예방접종""], ""match_strength"": ""exact"", ""eligible"": true}, {""phone"": ""031-5189-4375"", ""comparison_phone"": ""03151894375"", ""contact_type"": ""direct_staff"", ""affiliation"": ""동탄구보건소 건강증진과"", ""position"": ""주무관"", ""source_url"": ""https://www.hscity.go.kr/health/organ/BD_selectHealthOrganList.do?q_healthNm=dongtan&q_currPage=6"", ""source_page_or_row"": ""페이지 6, 행 1"", ""matched_keys"": [""예방접종""], ""match_strength"": ""exact"", ""eligible"": true}, {""phone"": ""031-5189-4376"", ""comparison_phone"": ""03151894376"", ""contact_type"": ""direct_staff"", ""affiliation"": ""동탄구보건소 건강증진과"", ""position"": ""주무관"", ""source_url"": ""https://www.hscity.go.kr/health/organ/BD_selectHealthOrganList.do?q_healthNm=dongtan&q_currPage=5"", ""source_page_or_row"": ""페이지 5, 행 6"", ""matched_keys"": [""예방접종""], ""match_strength"": ""exact"", ""eligible"": true}, {""phone"": ""031-5189-5023"", ""comparison_phone"": ""03151895023"", ""contact_type"": ""direct_staff"", ""affiliation"": ""동탄구보건소 건강증진과"", ""position"": ""주무관"", ""source_url"": ""https://www.hscity.go.kr/health/organ/BD_selectHealthOrganList.do?q_healthNm=dongtan&q_currPage=6"", ""source_page_or_row"": ""페이지 6, 행 2"", ""matched_keys"": [""예방접종""], ""match_strength"": ""exact"", ""eligible"": true}, {""phone"": ""031-5189-5675"", ""comparison_phone"": ""03151895675"", ""contact_type"": ""direct_staff"", ""affiliation"": ""동탄구보건소 건강증진과"", ""position"": ""주무관"", ""source_url"": ""https://www.hscity.go.kr/health/organ/BD_selectHealthOrganList.do?q_healthNm=dongtan&q_currPage=6"", ""source_page_or_row"": ""페이지 6, 행 4"", ""matched_keys"": [""예방접종""], ""match_strength"": ""exact"", ""eligible"": true}, {""phone"": ""02-2262-4833"", ""comparison_phone"": ""0222624833"", ""contact_type"": ""external_official"", ""affiliation"": ""공식 서비스 페이지가 안내한 외부 공공기관"", ""position"": """", ""source_url"": ""https://www.hscity.go.kr/health/vaccination/tourist.jsp"", ""source_page_or_row"": ""서비스 페이지 문의 문맥"", ""matched_keys"": [""예방접종""], ""match_strength"": ""exact"", ""eligible"": false}, {""phone"": ""031-682-5213"", ""comparison_phone"": ""0316825213"", ""contact_type"": ""external_official"", ""affiliation"": ""공식 서비스 페이지가 안내한 외부 공공기관"", ""position"": """", ""source_url"": ""https://www.hscity.go.kr/health/vaccination/tourist.jsp"", ""source_page_or_row"": ""서비스 페이지 문의 문맥"", ""matched_keys"": [""예방접종""], ""match_strength"": ""exact"", ""eligible"": false}, {""phone"": ""032-740-2700"", ""comparison_phone"": ""0327402700"", ""contact_type"": ""external_official"", ""affiliation"": ""공식 서비스 페이지가 안내한 외부 공공기관"", ""position"": """", ""source_url"": ""https://www.hscity.go.kr/health/vaccination/tourist.jsp"", ""source_page_or_row"": ""서비스 페이지 문의 문맥"", ""matched_keys"": [""예방접종""], ""match_strength"": ""exact"", ""eligible"": false}, {""phone"": ""032-7883-7502"", ""comparison_phone"": ""03278837502"", ""contact_type"": ""external_official"", ""affiliation"": ""공식 서비스 페이지가 안내한 외부 공공기관"", ""position"": """", ""source_url"": ""https://www.hscity.go.kr/health/vaccination/tourist.jsp"", ""source_page_or_row"": ""서비스 페이지 문의 문맥"", ""matched_keys"": [""예방접종""], ""match_strength"": ""exact"", ""eligible"": false}, {""phone"": ""032-7883-7503"", ""comparison_phone"": ""03278837503"", ""contact_type"": ""external_official"", ""affiliation"": ""공식 서비스 페이지가 안내한 외부 공공기관"", ""position"": """", ""source_url"": ""https://www.hscity.go.kr/health/vaccination/tourist.jsp"", ""source_page_or_row"": ""서비스 페이지 문의 문맥"", ""matched_keys"": [""예방접종""], ""match_strength"": ""exact"", ""eligible"": false}, {""phone"": ""032-883-7502"", ""comparison_phone"": ""0328837502"", ""contact_type"": ""external_official"", ""affiliation"": ""공식 서비스 페이지가 안내한 외부 공공기관"", ""position"": """", ""source_url"": ""https://www.hscity.go.kr/health/vaccination/tourist.jsp"", ""source_page_or_row"": ""서비스 페이지 문의 문맥"", ""matched_keys"": [""예방접종""], ""match_strength"": ""exact"", ""eligible"": false}, {""phone"": ""032-883-7503"", ""comparison_phone"": ""0328837503"", ""contact_type"": ""external_official"", ""affiliation"": ""공식 서비스 페이지가 안내한 외부 공공기관"", ""position"": """", ""source_url"": ""https://www.hscity.go.kr/health/vaccination/tourist.jsp"", ""source_page_or_row"": ""서비스 페이지 문의 문맥"", ""matched_keys"": [""예방접종""], ""match_strength"": ""exact"", ""eligible"": false}]",개별 서비스 페이지와 직원안내의 직접 일치 번호가 다릅니다.,공식 원문 수동 검토,,
R001,암환자 의료비 지원 신청,건강증진과,지역보건팀,3층,건강증진과,,031-5189-5058 | 031-5189-6944,service_contact,동탄구보건소,,,화성시효행구보건소☎031-5189-2927 | 화성시병점구보건소☎031-5189-4440 | 화성시동탄구보건소☎031-5189-5058,https://www.hscity.go.kr/health/business/expense/medicalExpenses.jsp,암환자의료비지원,서비스 페이지 문의 문맥,0d9c5665b05ffdac6c27e588312b2ab62e42cdd754d80c42eef545c8e550d7e0,2026-08-27T17:20:49+09:00,암환자 의료비,ambiguous,같은 수준의 유효 후보 번호가 둘 이상이어서 자동 선택하지 않았습니다.,"[{""phone"": ""031-5189-5058"", ""comparison_phone"": ""03151895058"", ""contact_type"": ""service_contact"", ""affiliation"": ""동탄구보건소"", ""position"": """", ""source_url"": ""https://www.hscity.go.kr/health/business/expense/medicalExpenses.jsp"", ""source_page_or_row"": ""서비스 페이지 문의 문맥"", ""matched_keys"": [""암환자 의료비""], ""match_strength"": ""exact"", ""eligible"": true}, {""phone"": ""031-5189-5058"", ""comparison_phone"": ""03151895058"", ""contact_type"": ""direct_staff"", ""affiliation"": ""동탄구보건소 건강증진과"", ""position"": ""주무관"", ""source_url"": ""https://www.hscity.go.kr/health/organ/BD_selectHealthOrganList.do?q_healthNm=dongtan&q_currPage=6"", ""source_page_or_row"": ""페이지 6, 행 8"", ""matched_keys"": [""암환자 의료비""], ""match_strength"": ""exact"", ""eligible"": true}, {""phone"": ""031-5189-6944"", ""comparison_phone"": ""03151896944"", ""contact_type"": ""service_contact"", ""affiliation"": ""동탄구보건소"", ""position"": """", ""source_url"": ""https://www.hscity.go.kr/health/business/expense/incurable.jsp"", ""source_page_or_row"": ""서비스 페이지 문의 문맥"", ""matched_keys"": [""의료비"", ""환자""], ""match_strength"": ""exploratory"", ""eligible"": true}, {""phone"": ""031-5189-6944"", ""comparison_phone"": ""03151896944"", ""contact_type"": ""direct_staff"", ""affiliation"": ""동탄구보건소 건강증진과"", ""position"": ""주무관"", ""source_url"": ""https://www.hscity.go.kr/health/organ/BD_selectHealthOrganList.do?q_healthNm=dongtan&q_currPage=5"", ""source_page_or_row"": ""페이지 5, 행 8"", ""matched_keys"": [""의료비"", ""환자""], ""match_strength"": ""exploratory"", ""eligible"": true}]",,공식 원문 수동 검토,,
R002,어르신 오늘 건강(AI·IoT·스마트워치),보건행정과,,3층,보건행정과,,031-5189-4370 | 031-5189-4778 | 031-5189-5076 | 031-5189-5085 | 031-5189-6944,service_contact,동탄구보건소,,,"화성시동탄구보건소 | 동탄1, 2동 | 031-5189-4778",https://www.hscity.go.kr/health/business/region/AIhealthcare.jsp,AI·IoT기반 어르신 건강관리사업,서비스 페이지 문의 문맥,b7a9d3fb83bfc121868d652e715ea03cfb6201ee129b755e7cfb8482cdbd4717,2026-08-27T17:20:54+09:00,AI IOT | 어르신 건강관리,ambiguous,같은 수준의 유효 후보 번호가 둘 이상이어서 자동 선택하지 않았습니다.,"[{""phone"": ""031-5189-4778"", ""comparison_phone"": ""03151894778"", ""contact_type"": ""service_contact"", ""affiliation"": ""동탄구보건소"", ""position"": """", ""source_url"": ""https://www.hscity.go.kr/health/business/region/AIhealthcare.jsp"", ""source_page_or_row"": ""서비스 페이지 문의 문맥"", ""matched_keys"": [""AI IOT"", ""어르신 건강관리""], ""match_strength"": ""exact"", ""eligible"": true}, {""phone"": ""031-5189-4370"", ""comparison_phone"": ""03151894370"", ""contact_type"": ""service_contact"", ""affiliation"": ""동탄구보건소"", ""position"": """", ""source_url"": ""https://www.hscity.go.kr/health/business/region/motherchild/motherchild04.jsp"", ""source_page_or_row"": ""서비스 페이지 문의 문맥"", ""matched_keys"": [""건강"", ""건강관리""], ""match_strength"": ""exploratory"", ""eligible"": true}, {""phone"": ""031-5189-5076"", ""comparison_phone"": ""03151895076"", ""contact_type"": ""service_contact"", ""affiliation"": ""동탄구보건소"", ""position"": """", ""source_url"": ""https://www.hscity.go.kr/health/business/region/motherchild/motherchild14.jsp"", ""source_page_or_row"": ""서비스 페이지 문의 문맥"", ""matched_keys"": [""건강"", ""건강관리""], ""match_strength"": ""exploratory"", ""eligible"": true}, {""phone"": ""031-5189-5085"", ""comparison_phone"": ""03151895085"", ""contact_type"": ""service_contact"", ""affiliation"": ""동탄구보건소"", ""position"": """", ""source_url"": ""https://www.hscity.go.kr/health/business/region/motherchild/motherchild04.jsp"", ""source_page_or_row"": ""서비스 페이지 문의 문맥"", ""matched_keys"": [""건강"", ""건강관리""], ""match_strength"": ""exploratory"", ""eligible"": true}, {""phone"": ""031-5189-6944"", ""comparison_phone"": ""03151896944"", ""contact_type"": ""service_contact"", ""affiliation"": ""동탄구보건소"", ""position"": """", ""source_url"": ""https://www.hscity.go.kr/health/business/region/motherchild/motherchild04.jsp"", ""source_page_or_row"": ""서비스 페이지 문의 문맥"", ""matched_keys"": [""건강"", ""건강관리""], ""match_strength"": ""exploratory"", ""eligible"": true}]",,공식 원문 수동 검토,,
R003,사전연명의료의향서 등록,건강증진과,지역보건팀,1층,재활보건실,,031-5189-5058,direct_staff,동탄구보건소 건강증진과,주무관,"보건소 지역사회 중심 재활사업
- 재활보건실 운영지원
- 지역사회재활협의체 구성 및 운영
- 공무직 및 기간제근로자 관리
암 환자 의료비 지원 사업
암 생존자 통합지지사업
연명 의료 등록 사업
장기 등 기증 사업",,https://www.hscity.go.kr/health/organ/BD_selectHealthOrganList.do?q_healthNm=dongtan&q_currPage=6,동탄구보건소 직원안내,"페이지 6, 행 8",cbbed0c30d6a83f2b92ce806ebd0e94af13cf9c046833ff2790fd74a72eab3c2,2026-08-27T17:20:45+09:00,연명의료,confirmed,동탄구보건소 공식 원문에서 동일 역할의 유효한 직접 일치 번호가 하나 확인되었습니다.,"[{""phone"": ""031-5189-5058"", ""comparison_phone"": ""03151895058"", ""contact_type"": ""direct_staff"", ""affiliation"": ""동탄구보건소 건강증진과"", ""position"": ""주무관"", ""source_url"": ""https://www.hscity.go.kr/health/organ/BD_selectHealthOrganList.do?q_healthNm=dongtan&q_currPage=6"", ""source_page_or_row"": ""페이지 6, 행 8"", ""matched_keys"": [""연명의료""], ""match_strength"": ""exact"", ""eligible"": true}]",,수동 승인 후 반영 검토,,
R004,장기기증희망 등록,건강증진과,지역보건팀,1층,재활보건실,,031-5189-5058,direct_staff,동탄구보건소 건강증진과,주무관,"보건소 지역사회 중심 재활사업
- 재활보건실 운영지원
- 지역사회재활협의체 구성 및 운영
- 공무직 및 기간제근로자 관리
암 환자 의료비 지원 사업
암 생존자 통합지지사업
연명 의료 등록 사업
장기 등 기증 사업",,https://www.hscity.go.kr/health/organ/BD_selectHealthOrganList.do?q_healthNm=dongtan&q_currPage=6,동탄구보건소 직원안내,"페이지 6, 행 8",cbbed0c30d6a83f2b92ce806ebd0e94af13cf9c046833ff2790fd74a72eab3c2,2026-08-27T17:20:45+09:00,등록 | 장기 | 기증,probable_review,공식 후보 번호는 하나이나 원문 업무명이 정확히 일치하지 않아 수동 검토가 필요합니다.,"[{""phone"": ""031-5189-5058"", ""comparison_phone"": ""03151895058"", ""contact_type"": ""direct_staff"", ""affiliation"": ""동탄구보건소 건강증진과"", ""position"": ""주무관"", ""source_url"": ""https://www.hscity.go.kr/health/organ/BD_selectHealthOrganList.do?q_healthNm=dongtan&q_currPage=6"", ""source_page_or_row"": ""페이지 6, 행 8"", ""matched_keys"": [""등록"", ""장기"", ""기증""], ""match_strength"": ""exploratory"", ""eligible"": true}]",,공식 원문 수동 검토,,
R005,무릎인공관절 수술비 지원 신청,건강증진과,지역보건팀,1층,재활보건실,,031-5189-4342,direct_staff,동탄구보건소 건강증진과,주무관,"재활 프로그램 운영, 맞춤형 희망재활사업, 방문보건대상자 재활상담 및 운동지도, 무릎인공관절 수술 지원사업",,https://www.hscity.go.kr/health/organ/BD_selectHealthOrganList.do?q_healthNm=dongtan&q_currPage=7,동탄구보건소 직원안내,"페이지 7, 행 5",d2d9ec6d0e9dd0e5f3a8dd7648ddcab8213ef4ae3eec5ae7c6597864dada9a24,2026-08-27T17:20:45+09:00,무릎인공관절 | 무릎 | 인공관절,probable_review,공식 후보 번호는 하나이나 원문 업무명이 정확히 일치하지 않아 수동 검토가 필요합니다.,"[{""phone"": ""031-5189-4342"", ""comparison_phone"": ""03151894342"", ""contact_type"": ""direct_staff"", ""affiliation"": ""동탄구보건소 건강증진과"", ""position"": ""주무관"", ""source_url"": ""https://www.hscity.go.kr/health/organ/BD_selectHealthOrganList.do?q_healthNm=dongtan&q_currPage=7"", ""source_page_or_row"": ""페이지 7, 행 5"", ""matched_keys"": [""무릎인공관절"", ""무릎"", ""인공관절""], ""match_strength"": ""exploratory"", ""eligible"": true}]",,공식 원문 수동 검토,,
R006,휠체어 대여·반납,건강증진과,지역보건팀,1층,재활보건실,,,,,,,,,,,,,,unmatched,동탄구보건소 공식 원문에서 이 업무에 직접 연결할 공개 번호를 찾지 못했습니다.,[],,공식 연락처 확인 필요,,
